date,item_name,quantity,transaction_amount,day_of_week,weekend,month,day_of_month,quantity_lag_1,quantity_lag_7,quantity_roll_mean_7,quantity_roll_mean_30,is_holiday,item_type_Fastfood
2022-04-03,Aalopuri,10,5.303304908059076,6,1,4,3,,,,,0,True
2022-04-09,Aalopuri,10,5.303304908059076,5,1,4,9,10.0,,10.0,10.0,0,True
2022-04-10,Aalopuri,15,5.707110264748875,6,1,4,10,10.0,,10.0,10.0,0,True
2022-04-18,Aalopuri,12,5.484796933490655,0,0,4,18,15.0,,11.666666666666666,11.666666666666666,0,True
2022-04-20,Aalopuri,5,4.61512051684126,2,0,4,20,12.0,,11.75,11.75,0,True
2022-04-21,Aalopuri,1,3.044522437723423,3,0,4,21,5.0,,10.4,10.4,0,True
2022-04-28,Aalopuri,7,4.948759890378168,3,0,4,28,1.0,,8.833333333333334,8.833333333333334,0,True
2022-04-29,Aalopuri,8,5.081404364984463,4,0,4,29,7.0,10.0,8.571428571428571,8.571428571428571,0,True
2022-05-01,Aalopuri,13,5.564520407322694,6,1,5,1,8.0,10.0,8.285714285714286,8.5,0,True
2022-05-04,Aalopuri,11,5.3981627015177525,2,0,5,4,13.0,15.0,8.714285714285714,9.0,0,True
2022-05-06,Aalopuri,25,6.2166061010848646,4,0,5,6,11.0,12.0,8.142857142857142,9.2,0,True
2022-05-07,Aalopuri,11,5.3981627015177525,5,1,5,7,25.0,5.0,10.0,10.636363636363637,0,True
2022-05-09,Aalopuri,8,5.081404364984463,0,0,5,9,11.0,1.0,10.857142857142858,10.666666666666666,0,True
2022-05-11,Aalopuri,4,4.394449154672439,2,0,5,11,8.0,7.0,11.857142857142858,10.461538461538462,0,True
2022-05-12,Aalopuri,15,5.707110264748875,3,0,5,12,4.0,8.0,11.428571428571429,10.0,0,True
2022-05-13,Aalopuri,15,5.707110264748875,4,0,5,13,15.0,13.0,12.428571428571429,10.333333333333334,0,True
2022-05-14,Aalopuri,7,4.948759890378168,5,1,5,14,15.0,11.0,12.714285714285714,10.625,0,True
2022-05-15,Aalopuri,21,6.042632833682381,6,1,5,15,7.0,25.0,12.142857142857142,10.411764705882353,0,True
2022-05-16,Aalopuri,2,3.713572066704308,0,0,5,16,21.0,11.0,11.571428571428571,11.0,0,True
2022-05-19,Aalopuri,7,4.948759890378168,3,0,5,19,2.0,8.0,10.285714285714286,10.526315789473685,0,True
2022-05-20,Aalopuri,3,4.110873864173311,4,0,5,20,7.0,4.0,10.142857142857142,10.35,0,True
2022-05-21,Aalopuri,25,6.2166061010848646,5,1,5,21,3.0,15.0,10.0,10.0,0,True
2022-05-23,Aalopuri,3,4.110873864173311,0,0,5,23,25.0,15.0,11.428571428571429,10.681818181818182,0,True
2022-05-27,Aalopuri,10,5.303304908059076,4,0,5,27,3.0,7.0,9.714285714285714,10.347826086956522,0,True
2022-05-29,Aalopuri,11,5.3981627015177525,6,1,5,29,10.0,21.0,10.142857142857142,10.333333333333334,0,True
2022-06-06,Aalopuri,11,5.3981627015177525,0,0,6,6,11.0,2.0,8.714285714285714,10.36,0,True
2022-06-15,Aalopuri,4,4.394449154672439,2,0,6,15,11.0,7.0,10.0,10.384615384615385,0,True
2022-06-25,Aalopuri,2,3.713572066704308,5,1,6,25,4.0,3.0,9.571428571428571,10.148148148148149,0,True
2022-06-26,Aalopuri,15,5.707110264748875,6,1,6,26,2.0,25.0,9.428571428571429,9.857142857142858,0,True
2022-06-27,Aalopuri,8,5.081404364984463,0,0,6,27,15.0,3.0,8.0,10.03448275862069,0,True
2022-06-28,Aalopuri,3,4.110873864173311,1,0,6,28,8.0,10.0,8.714285714285714,9.966666666666667,0,True
2022-07-03,Aalopuri,13,5.564520407322694,6,1,7,3,3.0,11.0,7.714285714285714,9.733333333333333,0,True
2022-07-06,Aalopuri,2,3.713572066704308,2,0,7,6,13.0,11.0,8.0,9.833333333333334,0,True
2022-07-09,Aalopuri,1,3.044522437723423,5,1,7,9,2.0,4.0,6.714285714285714,9.4,0,True
2022-07-16,Aalopuri,5,4.61512051684126,5,1,7,16,1.0,2.0,6.285714285714286,9.033333333333333,0,True
2022-07-17,Aalopuri,12,5.484796933490655,6,1,7,17,5.0,15.0,6.714285714285714,9.033333333333333,0,True
2022-07-22,Aalopuri,1,3.044522437723423,4,0,7,22,12.0,8.0,6.285714285714286,9.4,0,True
2022-07-24,Aalopuri,12,5.484796933490655,6,1,7,24,1.0,3.0,5.285714285714286,9.2,0,True
2022-07-25,Aalopuri,4,4.394449154672439,0,0,7,25,12.0,13.0,6.571428571428571,9.333333333333334,0,True
2022-07-26,Aalopuri,13,5.564520407322694,1,0,7,26,4.0,2.0,5.285714285714286,9.033333333333333,0,True
2022-07-27,Aalopuri,4,4.394449154672439,2,0,7,27,13.0,1.0,6.857142857142857,9.1,0,True
2022-07-30,Aalopuri,9,5.198497031265826,5,1,7,30,4.0,5.0,7.285714285714286,8.4,0,True
2022-08-06,Aalopuri,3,4.110873864173311,5,1,8,6,9.0,12.0,7.857142857142857,8.333333333333334,0,True
2022-08-14,Aalopuri,10,5.303304908059076,6,1,8,14,3.0,1.0,6.571428571428571,8.166666666666666,0,True
2022-08-16,Aalopuri,11,5.3981627015177525,1,0,8,16,10.0,12.0,7.857142857142857,8.366666666666667,0,True
2022-08-17,Aalopuri,13,5.564520407322694,2,0,8,17,11.0,4.0,7.714285714285714,8.233333333333333,0,True
2022-08-19,Aalopuri,3,4.110873864173311,4,0,8,19,13.0,13.0,9.0,8.166666666666666,0,True
2022-08-21,Aalopuri,12,5.484796933490655,6,1,8,21,3.0,4.0,7.571428571428571,8.033333333333333,0,True
2022-08-22,Aalopuri,6,4.795790545596741,0,0,8,22,12.0,9.0,8.714285714285714,7.733333333333333,0,True
2022-08-24,Aalopuri,20,5.993961427306569,2,0,8,24,6.0,3.0,8.285714285714286,7.866666666666666,0,True
2022-08-25,Aalopuri,5,4.61512051684126,3,0,8,25,20.0,10.0,10.714285714285714,8.3,0,True
2022-08-27,Aalopuri,23,6.133398042996649,5,1,8,27,5.0,11.0,10.0,8.366666666666667,0,True
2022-09-03,Aalopuri,2,3.713572066704308,5,1,9,3,23.0,13.0,11.714285714285714,8.3,0,True
2022-09-11,Aalopuri,2,3.713572066704308,6,1,9,11,2.0,3.0,10.142857142857142,8.266666666666667,0,True
2022-09-14,Aalopuri,15,5.707110264748875,2,0,9,14,2.0,12.0,10.0,8.0,0,True
2022-09-15,Aalopuri,9,5.198497031265826,3,0,9,15,15.0,6.0,10.428571428571429,8.133333333333333,0,True
2022-09-17,Aalopuri,6,4.795790545596741,5,1,9,17,9.0,20.0,10.857142857142858,8.066666666666666,0,True
2022-09-18,Aalopuri,15,5.707110264748875,6,1,9,18,6.0,5.0,8.857142857142858,8.133333333333333,0,True
2022-09-21,Aalopuri,9,5.198497031265826,2,0,9,21,15.0,23.0,10.285714285714286,8.566666666666666,0,True
2022-09-23,Aalopuri,1,3.044522437723423,4,0,9,23,9.0,2.0,8.285714285714286,8.366666666666667,0,True
2022-09-24,Aalopuri,14,5.638354669333745,5,1,9,24,1.0,2.0,8.142857142857142,8.133333333333333,0,True
2022-10-01,Aalopuri,9,5.198497031265826,5,1,10,1,14.0,15.0,9.857142857142858,8.5,0,True
2022-10-10,Aalopuri,12,5.484796933490655,0,0,10,10,9.0,9.0,9.0,8.366666666666667,1,True
2022-10-11,Aalopuri,29,6.364750756851911,1,0,10,11,12.0,6.0,9.428571428571429,8.7,0,True
2022-10-15,Aalopuri,14,5.638354669333745,5,1,10,15,29.0,15.0,12.714285714285714,9.633333333333333,0,True
2022-10-17,Aalopuri,11,5.3981627015177525,0,0,10,17,14.0,9.0,12.571428571428571,9.933333333333334,0,True
2022-10-20,Aalopuri,13,5.564520407322694,3,0,10,20,11.0,1.0,12.857142857142858,9.9,0,True
2022-10-22,Aalopuri,1,3.044522437723423,5,1,10,22,13.0,14.0,14.571428571428571,10.3,0,True
2022-10-24,Aalopuri,3,4.110873864173311,0,0,10,24,1.0,9.0,12.714285714285714,9.933333333333334,0,True
2022-10-27,Aalopuri,6,4.795790545596741,3,0,10,27,3.0,12.0,11.857142857142858,9.9,0,True
2022-10-30,Aalopuri,16,5.771441123130016,6,1,10,30,6.0,29.0,11.0,9.666666666666666,0,True
2022-11-01,Aalopuri,12,5.484796933490655,1,0,11,1,16.0,14.0,9.142857142857142,10.066666666666666,0,True
2022-11-02,Aalopuri,1,3.044522437723423,2,0,11,2,12.0,11.0,8.857142857142858,10.166666666666666,0,True
2022-11-04,Aalopuri,13,5.564520407322694,4,0,11,4,1.0,13.0,7.428571428571429,10.1,0,True
2022-11-20,Aalopuri,2,3.713572066704308,6,1,11,20,13.0,1.0,7.428571428571429,10.2,0,True
2022-11-21,Aalopuri,5,4.61512051684126,0,0,11,21,2.0,3.0,7.571428571428571,9.9,0,True
2022-11-23,Aalopuri,15,5.707110264748875,2,0,11,23,5.0,6.0,7.857142857142857,9.633333333333333,0,True
2022-11-28,Aalopuri,14,5.638354669333745,0,0,11,28,15.0,16.0,9.142857142857142,10.033333333333333,0,True
2022-12-03,Aalopuri,1,3.044522437723423,5,1,12,3,14.0,12.0,8.857142857142858,10.1,0,True
2022-12-04,Aalopuri,2,3.713572066704308,6,1,12,4,1.0,1.0,7.285714285714286,9.933333333333334,0,True
2022-12-07,Aalopuri,2,3.713572066704308,2,0,12,7,2.0,13.0,7.428571428571429,9.333333333333334,0,True
2022-12-09,Aalopuri,8,5.081404364984463,4,0,12,9,2.0,2.0,5.857142857142857,9.233333333333333,0,True
2022-12-12,Aalopuri,21,6.042632833682381,0,0,12,12,8.0,5.0,6.714285714285714,8.733333333333333,0,True
2022-12-14,Aalopuri,14,5.638354669333745,2,0,12,14,21.0,15.0,9.0,9.366666666666667,0,True
2022-12-16,Aalopuri,5,4.61512051684126,4,0,12,16,14.0,14.0,8.857142857142858,9.766666666666667,0,True
2022-12-20,Aalopuri,5,4.61512051684126,1,0,12,20,5.0,1.0,7.571428571428571,9.433333333333334,0,True
2022-12-21,Aalopuri,10,5.303304908059076,2,0,12,21,5.0,2.0,8.142857142857142,9.3,0,True
2022-12-23,Aalopuri,14,5.638354669333745,4,0,12,23,10.0,2.0,9.285714285714286,9.433333333333334,0,True
2022-12-28,Aalopuri,2,3.713572066704308,2,0,12,28,14.0,8.0,11.0,9.4,0,True
2022-12-29,Aalopuri,4,4.394449154672439,3,0,12,29,2.0,21.0,10.142857142857142,9.166666666666666,0,True
2023-01-01,Aalopuri,15,5.707110264748875,6,1,1,1,4.0,14.0,7.714285714285714,9.266666666666667,1,True
2023-01-02,Aalopuri,12,5.484796933490655,0,0,1,2,15.0,5.0,7.857142857142857,9.3,1,True
2023-01-05,Aalopuri,1,3.044522437723423,3,0,1,5,12.0,5.0,8.857142857142858,9.4,0,True
2023-01-12,Aalopuri,13,5.564520407322694,3,0,1,12,1.0,10.0,8.285714285714286,9.033333333333333,0,True
2023-01-14,Aalopuri,8,5.081404364984463,5,1,1,14,13.0,14.0,8.714285714285714,8.5,0,True
2023-01-15,Aalopuri,1,3.044522437723423,6,1,1,15,8.0,2.0,7.857142857142857,8.3,0,True
2023-01-24,Aalopuri,7,4.948759890378168,1,0,1,24,1.0,4.0,7.714285714285714,7.966666666666667,0,True
2023-01-28,Aalopuri,15,5.707110264748875,5,1,1,28,7.0,15.0,8.142857142857142,7.766666666666667,0,True
2023-01-31,Aalopuri,4,4.394449154672439,1,0,1,31,15.0,12.0,8.142857142857142,8.233333333333333,0,True
2023-02-02,Aalopuri,10,5.303304908059076,3,0,2,2,4.0,1.0,7.0,8.266666666666667,0,True
2023-02-03,Aalopuri,3,4.110873864173311,4,0,2,3,10.0,13.0,8.285714285714286,8.4,0,True
2023-02-05,Aalopuri,13,5.564520407322694,6,1,2,5,3.0,8.0,6.857142857142857,7.966666666666667,0,True
2023-02-06,Aalopuri,3,4.110873864173311,0,0,2,6,13.0,1.0,7.571428571428571,8.0,0,True
2023-02-07,Aalopuri,14,5.638354669333745,1,0,2,7,3.0,7.0,7.857142857142857,8.066666666666666,0,True
2023-02-13,Aalopuri,8,5.081404364984463,0,0,2,13,14.0,15.0,8.857142857142858,8.1,0,True
2023-02-17,Aalopuri,2,3.713572066704308,4,0,2,17,8.0,4.0,7.857142857142857,8.3,0,True
2023-02-22,Aalopuri,8,5.081404364984463,2,0,2,22,2.0,10.0,7.571428571428571,8.2,0,True
2023-02-24,Aalopuri,3,4.110873864173311,4,0,2,24,8.0,3.0,7.285714285714286,7.966666666666667,0,True
2023-02-26,Aalopuri,6,4.795790545596741,6,1,2,26,3.0,13.0,7.285714285714286,7.6,0,True
2023-02-28,Aalopuri,1,3.044522437723423,1,0,2,28,6.0,3.0,6.285714285714286,7.766666666666667,0,True
2023-03-02,Aalopuri,25,6.2166061010848646,3,0,3,2,1.0,14.0,6.0,7.733333333333333,0,True
2023-03-09,Aalopuri,15,5.707110264748875,3,0,3,9,25.0,8.0,7.571428571428571,8.5,0,True
2023-03-10,Aalopuri,12,5.484796933490655,4,0,3,10,15.0,2.0,8.571428571428571,8.733333333333333,0,True
2023-03-11,Aalopuri,1,3.044522437723423,5,1,3,11,12.0,8.0,10.0,8.433333333333334,0,True
2023-03-12,Aalopuri,4,4.394449154672439,6,1,3,12,1.0,3.0,9.0,8.0,0,True
2023-03-16,Aalopuri,3,4.110873864173311,3,0,3,16,4.0,6.0,9.142857142857142,7.966666666666667,0,True
2023-03-21,Aalopuri,14,5.638354669333745,1,0,3,21,3.0,1.0,8.714285714285714,7.9,0,True
2023-03-25,Aalopuri,2,3.713572066704308,5,1,3,25,14.0,25.0,10.571428571428571,8.033333333333333,0,True
2022-04-02,Cold coffee,15,6.398594934535208,5,1,4,2,,,,,0,False
2022-04-04,Cold coffee,19,6.634633357861686,0,0,4,4,15.0,,15.0,15.0,0,False
2022-04-09,Cold coffee,6,5.484796933490655,5,1,4,9,19.0,,17.0,17.0,0,False
2022-04-19,Cold coffee,1,3.713572066704308,1,0,4,19,6.0,,13.333333333333334,13.333333333333334,0,False
2022-04-20,Cold coffee,16,6.46302945692067,2,0,4,20,1.0,,10.25,10.25,0,False
2022-04-26,Cold coffee,14,6.329720905522696,1,0,4,26,16.0,,11.4,11.4,0,False
2022-05-02,Cold coffee,10,5.993961427306569,0,0,5,2,14.0,,11.833333333333334,11.833333333333334,0,False
2022-05-05,Cold coffee,23,6.825460036255307,3,0,5,5,10.0,15.0,11.571428571428571,11.571428571428571,0,False
2022-05-07,Cold coffee,8,5.771441123130016,5,1,5,7,23.0,19.0,12.714285714285714,13.0,0,False
2022-05-09,Cold coffee,28,7.02197642307216,0,0,5,9,8.0,6.0,11.142857142857142,12.444444444444445,0,False
2022-05-13,Cold coffee,14,6.329720905522696,4,0,5,13,28.0,1.0,14.285714285714286,14.0,0,False
2022-05-14,Cold coffee,10,5.993961427306569,5,1,5,14,14.0,16.0,16.142857142857142,14.0,0,False
2022-05-15,Cold coffee,2,4.394449154672439,6,1,5,15,10.0,14.0,15.285714285714286,13.666666666666666,0,False
2022-05-19,Cold coffee,3,4.795790545596741,3,0,5,19,2.0,10.0,13.571428571428571,12.76923076923077,0,False
2022-05-21,Cold coffee,13,6.255750041753367,5,1,5,21,3.0,23.0,12.571428571428571,12.071428571428571,0,False
2022-05-24,Cold coffee,3,4.795790545596741,1,0,5,24,13.0,8.0,11.142857142857142,12.133333333333333,0,False
2022-05-30,Cold coffee,3,4.795790545596741,0,0,5,30,3.0,28.0,10.428571428571429,11.5625,1,False
2022-06-02,Cold coffee,4,5.081404364984463,3,0,6,2,3.0,14.0,6.857142857142857,11.058823529411764,0,False
2022-06-09,Cold coffee,13,6.255750041753367,3,0,6,9,4.0,10.0,5.428571428571429,10.666666666666666,0,False
2022-06-10,Cold coffee,8,5.771441123130016,4,0,6,10,13.0,2.0,5.857142857142857,10.789473684210526,0,False
2022-06-11,Cold coffee,2,4.394449154672439,5,1,6,11,8.0,3.0,6.714285714285714,10.65,0,False
2022-06-20,Cold coffee,5,5.303304908059076,0,0,6,20,2.0,13.0,6.571428571428571,10.238095238095237,1,False
2022-06-29,Cold coffee,14,6.329720905522696,2,0,6,29,5.0,3.0,5.428571428571429,10.0,0,False
2022-07-01,Cold coffee,19,6.634633357861686,4,0,7,1,14.0,3.0,7.0,10.173913043478262,0,False
2022-07-02,Cold coffee,11,6.089044875446846,5,1,7,2,19.0,4.0,9.285714285714286,10.541666666666666,0,False
2022-07-03,Cold coffee,2,4.394449154672439,6,1,7,3,11.0,13.0,10.285714285714286,10.56,0,False
2022-07-07,Cold coffee,10,5.993961427306569,3,0,7,7,2.0,8.0,8.714285714285714,10.23076923076923,0,False
2022-07-16,Cold coffee,10,5.993961427306569,5,1,7,16,10.0,2.0,9.0,10.222222222222221,0,False
2022-07-31,Cold coffee,9,5.8888779583328805,6,1,7,31,10.0,5.0,10.142857142857142,10.214285714285714,0,False
2022-08-02,Cold coffee,15,6.398594934535208,1,0,8,2,9.0,14.0,10.714285714285714,10.172413793103448,0,False
2022-08-08,Cold coffee,12,6.175867270105761,0,0,8,8,15.0,19.0,10.857142857142858,10.333333333333334,0,False
2022-08-09,Cold coffee,15,6.398594934535208,1,0,8,9,12.0,11.0,9.857142857142858,10.233333333333333,0,False
2022-08-14,Cold coffee,7,5.638354669333745,6,1,8,14,15.0,2.0,10.428571428571429,10.1,0,False
2022-08-15,Cold coffee,10,5.993961427306569,0,0,8,15,7.0,10.0,11.142857142857142,10.133333333333333,0,False
2022-08-16,Cold coffee,9,5.8888779583328805,1,0,8,16,10.0,10.0,11.142857142857142,10.433333333333334,0,False
2022-08-20,Cold coffee,20,6.68586094706836,5,1,8,20,9.0,9.0,11.0,10.2,0,False
2022-08-24,Cold coffee,8,5.771441123130016,2,0,8,24,20.0,15.0,12.571428571428571,10.4,0,False
2022-08-25,Cold coffee,5,5.303304908059076,3,0,8,25,8.0,12.0,11.571428571428571,10.333333333333334,0,False
2022-08-26,Cold coffee,21,6.734591659972948,4,0,8,26,5.0,15.0,10.571428571428571,9.733333333333333,0,False
2022-08-28,Cold coffee,12,6.175867270105761,6,1,8,28,21.0,7.0,11.428571428571429,10.166666666666666,0,False
2022-08-31,Cold coffee,17,6.523562306149512,2,0,8,31,12.0,10.0,12.142857142857142,9.633333333333333,0,False
2022-09-06,Cold coffee,7,5.638354669333745,1,0,9,6,17.0,9.0,13.142857142857142,9.733333333333333,0,False
2022-09-09,Cold coffee,1,3.713572066704308,4,0,9,9,7.0,20.0,12.857142857142858,9.633333333333333,0,False
2022-09-14,Cold coffee,13,6.255750041753367,2,0,9,14,1.0,8.0,10.142857142857142,9.6,0,False
2022-09-15,Cold coffee,10,5.993961427306569,3,0,9,15,13.0,5.0,10.857142857142858,9.933333333333334,0,False
2022-09-19,Cold coffee,13,6.255750041753367,0,0,9,19,10.0,21.0,11.571428571428571,9.833333333333334,0,False
2022-09-21,Cold coffee,18,6.580639137284949,2,0,9,21,13.0,12.0,10.428571428571429,10.166666666666666,0,False
2022-09-25,Cold coffee,3,4.795790545596741,6,1,9,25,18.0,17.0,11.285714285714286,10.666666666666666,0,False
2022-09-27,Cold coffee,2,4.394449154672439,1,0,9,27,3.0,7.0,9.285714285714286,10.633333333333333,0,False
2022-10-02,Cold coffee,2,4.394449154672439,6,1,10,2,2.0,1.0,8.571428571428571,10.266666666666667,0,False
2022-10-04,Cold coffee,10,5.993961427306569,1,0,10,4,2.0,13.0,8.714285714285714,10.066666666666666,0,False
2022-10-06,Cold coffee,2,4.394449154672439,3,0,10,6,10.0,10.0,8.285714285714286,10.333333333333334,0,False
2022-10-07,Cold coffee,7,5.638354669333745,4,0,10,7,2.0,13.0,7.142857142857143,10.233333333333333,0,False
2022-10-09,Cold coffee,12,6.175867270105761,6,1,10,9,7.0,18.0,6.285714285714286,10.0,0,False
2022-10-11,Cold coffee,27,6.985641817639208,1,0,10,11,12.0,3.0,5.428571428571429,9.766666666666667,0,False
2022-10-12,Cold coffee,11,6.089044875446846,2,0,10,12,27.0,2.0,8.857142857142858,10.3,0,False
2022-10-13,Cold coffee,4,5.081404364984463,3,0,10,13,11.0,2.0,10.142857142857142,10.6,0,False
2022-10-14,Cold coffee,14,6.329720905522696,4,0,10,14,4.0,10.0,10.428571428571429,10.4,0,False
2022-10-16,Cold coffee,18,6.580639137284949,6,1,10,16,14.0,2.0,11.0,10.533333333333333,0,False
2022-10-19,Cold coffee,4,5.081404364984463,2,0,10,19,18.0,7.0,13.285714285714286,10.833333333333334,0,False
2022-10-24,Cold coffee,27,6.985641817639208,0,0,10,24,4.0,12.0,12.857142857142858,10.466666666666667,0,False
2022-10-27,Cold coffee,13,6.255750041753367,3,0,10,27,27.0,27.0,15.0,10.966666666666667,0,False
2022-10-31,Cold coffee,5,5.303304908059076,0,0,10,31,13.0,11.0,13.0,10.9,0,False
2022-11-03,Cold coffee,10,5.993961427306569,3,0,11,3,5.0,4.0,12.142857142857142,10.833333333333334,0,False
2022-11-06,Cold coffee,34,7.215975002651466,6,1,11,6,10.0,14.0,13.0,10.833333333333334,0,False
2022-11-07,Cold coffee,10,5.993961427306569,0,0,11,7,34.0,18.0,15.857142857142858,11.666666666666666,0,False
2022-11-12,Cold coffee,7,5.638354669333745,5,1,11,12,10.0,4.0,14.714285714285714,11.333333333333334,0,False
2022-11-13,Cold coffee,11,6.089044875446846,6,1,11,13,7.0,27.0,15.142857142857142,11.3,0,False
2022-11-15,Cold coffee,15,6.398594934535208,1,0,11,15,11.0,13.0,12.857142857142858,11.5,0,False
2022-11-17,Cold coffee,20,6.68586094706836,3,0,11,17,15.0,5.0,13.142857142857142,11.3,0,False
2022-11-22,Cold coffee,9,5.8888779583328805,1,0,11,22,20.0,10.0,15.285714285714286,11.566666666666666,0,False
2022-11-24,Cold coffee,3,4.795790545596741,3,0,11,24,9.0,34.0,15.142857142857142,11.3,1,False
2022-11-25,Cold coffee,15,6.398594934535208,4,0,11,25,3.0,10.0,10.714285714285714,11.166666666666666,0,False
2022-11-26,Cold coffee,11,6.089044875446846,5,1,11,26,15.0,7.0,11.428571428571429,11.633333333333333,0,False
2022-11-28,Cold coffee,9,5.8888779583328805,0,0,11,28,11.0,11.0,12.0,11.566666666666666,0,False
2022-12-02,Cold coffee,6,5.484796933490655,4,0,12,2,9.0,15.0,11.714285714285714,11.533333333333333,0,False
2022-12-04,Cold coffee,15,6.398594934535208,6,1,12,4,6.0,20.0,10.428571428571429,11.3,0,False
2022-12-05,Cold coffee,6,5.484796933490655,0,0,12,5,15.0,9.0,9.714285714285714,11.2,0,False
2022-12-08,Cold coffee,13,6.255750041753367,3,0,12,8,6.0,3.0,9.285714285714286,11.3,0,False
2022-12-09,Cold coffee,9,5.8888779583328805,4,0,12,9,13.0,15.0,10.714285714285714,11.666666666666666,0,False
2022-12-17,Cold coffee,2,4.394449154672439,5,1,12,17,9.0,11.0,9.857142857142858,11.9,0,False
2022-12-21,Cold coffee,28,7.02197642307216,2,0,12,21,2.0,9.0,8.571428571428571,11.633333333333333,0,False
2022-12-23,Cold coffee,17,6.523562306149512,4,0,12,23,28.0,6.0,11.285714285714286,12.5,0,False
2022-12-25,Cold coffee,10,5.993961427306569,6,1,12,25,17.0,15.0,12.857142857142858,12.833333333333334,1,False
2022-12-26,Cold coffee,20,6.68586094706836,0,0,12,26,10.0,6.0,12.142857142857142,12.766666666666667,1,False
2022-12-27,Cold coffee,11,6.089044875446846,1,0,12,27,20.0,13.0,14.142857142857142,12.533333333333333,0,False
2022-12-28,Cold coffee,1,3.713572066704308,2,0,12,28,11.0,9.0,13.857142857142858,12.533333333333333,0,False
2022-12-31,Cold coffee,13,6.255750041753367,5,1,12,31,1.0,2.0,12.714285714285714,12.433333333333334,0,False
2023-01-02,Cold coffee,15,6.398594934535208,0,0,1,2,13.0,28.0,14.285714285714286,12.4,1,False
2023-01-03,Cold coffee,8,5.771441123130016,1,0,1,3,15.0,17.0,12.428571428571429,12.3,0,False
2023-01-06,Cold coffee,10,5.993961427306569,4,0,1,6,8.0,10.0,11.142857142857142,12.433333333333334,0,False
2023-01-10,Cold coffee,7,5.638354669333745,1,0,1,10,10.0,20.0,11.142857142857142,11.866666666666667,0,False
2023-01-14,Cold coffee,13,6.255750041753367,5,1,1,14,7.0,11.0,9.285714285714286,11.666666666666666,0,False
2023-01-20,Cold coffee,2,4.394449154672439,4,0,1,20,13.0,1.0,9.571428571428571,11.933333333333334,0,False
2023-01-21,Cold coffee,13,6.255750041753367,5,1,1,21,2.0,13.0,9.714285714285714,11.666666666666666,0,False
2023-01-30,Cold coffee,14,6.329720905522696,0,0,1,30,13.0,15.0,9.714285714285714,10.966666666666667,0,False
2023-01-31,Cold coffee,12,6.175867270105761,1,0,1,31,14.0,8.0,9.571428571428571,11.1,0,False
2023-02-01,Cold coffee,15,6.398594934535208,2,0,2,1,12.0,10.0,10.142857142857142,11.266666666666667,0,False
2023-02-02,Cold coffee,6,5.484796933490655,3,0,2,2,15.0,7.0,10.857142857142858,11.4,0,False
2023-02-05,Cold coffee,27,6.985641817639208,6,1,2,5,6.0,13.0,10.714285714285714,11.1,0,False
2023-02-10,Cold coffee,10,5.993961427306569,4,0,2,10,27.0,2.0,12.714285714285714,11.333333333333334,0,False
2023-02-15,Cold coffee,14,6.329720905522696,2,0,2,15,10.0,13.0,13.857142857142858,11.366666666666667,0,False
2023-02-16,Cold coffee,10,5.993961427306569,3,0,2,16,14.0,14.0,14.0,11.733333333333333,0,False
2023-02-17,Cold coffee,3,4.795790545596741,4,0,2,17,10.0,12.0,13.428571428571429,11.566666666666666,0,False
2023-02-18,Cold coffee,15,6.398594934535208,5,1,2,18,3.0,15.0,12.142857142857142,11.3,0,False
2023-02-20,Cold coffee,21,6.734591659972948,0,0,2,20,15.0,6.0,12.142857142857142,11.5,1,False
2023-02-21,Cold coffee,12,6.175867270105761,1,0,2,21,21.0,27.0,14.285714285714286,12.0,0,False
2023-02-22,Cold coffee,6,5.484796933490655,2,0,2,22,12.0,10.0,12.142857142857142,11.9,0,False
2023-02-23,Cold coffee,6,5.484796933490655,3,0,2,23,6.0,14.0,11.571428571428571,11.9,0,False
2023-02-24,Cold coffee,6,5.484796933490655,4,0,2,24,6.0,10.0,10.428571428571429,11.666666666666666,0,False
2023-03-01,Cold coffee,11,6.089044875446846,2,0,3,1,6.0,3.0,9.857142857142858,11.566666666666666,0,False
2023-03-03,Cold coffee,8,5.771441123130016,4,0,3,3,11.0,15.0,11.0,11.866666666666667,0,False
2023-03-04,Cold coffee,15,6.398594934535208,5,1,3,4,8.0,21.0,10.0,11.2,0,False
2023-03-13,Cold coffee,14,6.329720905522696,0,0,3,13,15.0,12.0,9.142857142857142,11.133333333333333,0,False
2023-03-14,Cold coffee,8,5.771441123130016,1,0,3,14,14.0,6.0,9.428571428571429,11.266666666666667,0,False
2023-03-15,Cold coffee,4,5.081404364984463,2,0,3,15,8.0,6.0,9.714285714285714,10.866666666666667,0,False
2023-03-17,Cold coffee,10,5.993961427306569,4,0,3,17,4.0,6.0,9.428571428571429,10.633333333333333,0,False
2023-03-20,Cold coffee,9,5.8888779583328805,0,0,3,20,10.0,11.0,10.0,10.933333333333334,0,False
2023-03-21,Cold coffee,5,5.303304908059076,1,0,3,21,9.0,8.0,9.714285714285714,10.8,0,False
2023-03-22,Cold coffee,6,5.484796933490655,2,0,3,22,5.0,15.0,9.285714285714286,10.466666666666667,0,False
2023-03-23,Cold coffee,10,5.993961427306569,3,0,3,23,6.0,14.0,8.0,10.4,0,False
2023-03-24,Cold coffee,2,4.394449154672439,4,0,3,24,10.0,8.0,7.428571428571429,10.4,0,False
2023-03-25,Cold coffee,13,6.255750041753367,5,1,3,25,2.0,4.0,6.571428571428571,10.233333333333333,0,False
2023-03-29,Cold coffee,27,6.985641817639208,2,0,3,29,13.0,10.0,7.857142857142857,10.233333333333333,0,False
2022-04-05,Frankie,2,4.61512051684126,1,0,4,5,,,,,0,True
2022-04-08,Frankie,1,3.9318256327243257,4,0,4,8,2.0,,2.0,2.0,0,True
2022-04-10,Frankie,4,5.303304908059076,6,1,4,10,1.0,,1.5,1.5,0,True
2022-04-16,Frankie,6,5.707110264748875,5,1,4,16,4.0,,2.3333333333333335,2.3333333333333335,0,True
2022-04-17,Frankie,5,5.5254529391317835,6,1,4,17,6.0,,3.25,3.25,0,True
2022-04-30,Frankie,13,6.478509642208569,5,1,4,30,5.0,,3.6,3.6,0,True
2022-05-04,Frankie,7,5.860786223465865,2,0,5,4,13.0,,5.166666666666667,5.166666666666667,0,True
2022-05-08,Frankie,13,6.478509642208569,6,1,5,8,7.0,2.0,5.428571428571429,5.428571428571429,0,True
2022-05-09,Frankie,9,6.111467339502679,0,0,5,9,13.0,1.0,7.0,6.375,0,True
2022-05-10,Frankie,14,6.55250788703459,1,0,5,10,9.0,4.0,8.142857142857142,6.666666666666667,0,True
2022-05-14,Frankie,5,5.5254529391317835,5,1,5,14,14.0,6.0,9.571428571428571,7.4,0,True
2022-05-16,Frankie,15,6.621405651764134,0,0,5,16,5.0,5.0,9.428571428571429,7.181818181818182,0,True
2022-05-18,Frankie,13,6.478509642208569,2,0,5,18,15.0,13.0,10.857142857142858,7.833333333333333,0,True
2022-05-22,Frankie,12,6.398594934535208,6,1,5,22,13.0,7.0,10.857142857142858,8.23076923076923,0,True
2022-05-24,Frankie,13,6.478509642208569,1,0,5,24,12.0,13.0,11.571428571428571,8.5,0,True
2022-05-25,Frankie,11,6.311734809152915,2,0,5,25,13.0,9.0,11.571428571428571,8.8,0,True
2022-05-27,Frankie,7,5.860786223465865,4,0,5,27,11.0,14.0,11.857142857142858,8.9375,0,True
2022-05-30,Frankie,10,6.2166061010848646,0,0,5,30,7.0,5.0,10.857142857142858,8.823529411764707,1,True
2022-05-31,Frankie,8,5.993961427306569,1,0,5,31,10.0,15.0,11.571428571428571,8.88888888888889,0,True
2022-06-06,Frankie,9,6.111467339502679,0,0,6,6,8.0,13.0,10.571428571428571,8.842105263157896,0,True
2022-06-07,Frankie,8,5.993961427306569,1,0,6,7,9.0,12.0,10.0,8.85,0,True
2022-06-11,Frankie,13,6.478509642208569,5,1,6,11,8.0,13.0,9.428571428571429,8.80952380952381,0,True
2022-06-12,Frankie,13,6.478509642208569,6,1,6,12,13.0,11.0,9.428571428571429,9.0,0,True
2022-06-13,Frankie,6,5.707110264748875,0,0,6,13,13.0,7.0,9.714285714285714,9.173913043478262,0,True
2022-06-14,Frankie,1,3.9318256327243257,1,0,6,14,6.0,10.0,9.571428571428571,9.041666666666666,0,True
2022-06-16,Frankie,12,6.398594934535208,3,0,6,16,1.0,8.0,8.285714285714286,8.72,0,True
2022-06-19,Frankie,6,5.707110264748875,6,1,6,19,12.0,9.0,8.857142857142858,8.846153846153847,1,True
2022-06-24,Frankie,7,5.860786223465865,4,0,6,24,6.0,8.0,8.428571428571429,8.74074074074074,0,True
2022-06-25,Frankie,10,6.2166061010848646,5,1,6,25,7.0,13.0,8.285714285714286,8.678571428571429,0,True
2022-06-27,Frankie,10,6.2166061010848646,0,0,6,27,10.0,13.0,7.857142857142857,8.724137931034482,0,True
2022-06-28,Frankie,13,6.478509642208569,1,0,6,28,10.0,6.0,7.428571428571429,8.766666666666667,0,True
2022-06-30,Frankie,20,6.90875477931522,3,0,6,30,13.0,1.0,8.428571428571429,9.133333333333333,0,True
2022-07-08,Frankie,5,5.5254529391317835,4,0,7,8,20.0,12.0,11.142857142857142,9.766666666666667,0,True
2022-07-10,Frankie,15,6.621405651764134,6,1,7,10,5.0,6.0,10.142857142857142,9.8,0,True
2022-07-12,Frankie,13,6.478509642208569,1,0,7,12,15.0,7.0,11.428571428571429,10.1,0,True
2022-07-17,Frankie,6,5.707110264748875,6,1,7,17,13.0,10.0,12.285714285714286,10.366666666666667,0,True
2022-07-19,Frankie,3,5.017279836814924,1,0,7,19,6.0,10.0,11.714285714285714,10.133333333333333,0,True
2022-07-20,Frankie,6,5.707110264748875,2,0,7,20,3.0,13.0,10.714285714285714,10.0,0,True
2022-07-24,Frankie,10,6.2166061010848646,6,1,7,24,6.0,20.0,9.714285714285714,9.766666666666667,0,True
2022-07-29,Frankie,5,5.5254529391317835,4,0,7,29,10.0,5.0,8.285714285714286,9.8,0,True
2022-07-31,Frankie,7,5.860786223465865,6,1,7,31,5.0,15.0,8.285714285714286,9.5,0,True
2022-08-01,Frankie,5,5.5254529391317835,0,0,8,1,7.0,13.0,7.142857142857143,9.566666666666666,0,True
2022-08-09,Frankie,4,5.303304908059076,1,0,8,9,5.0,6.0,6.0,9.233333333333333,0,True
2022-08-12,Frankie,15,6.621405651764134,4,0,8,12,4.0,3.0,5.714285714285714,8.933333333333334,0,True
2022-08-13,Frankie,10,6.2166061010848646,5,1,8,13,15.0,6.0,7.428571428571429,9.033333333333333,0,True
2022-09-07,Frankie,2,4.61512051684126,2,0,9,7,10.0,10.0,8.0,8.933333333333334,0,True
2022-09-08,Frankie,19,6.85751406254539,3,0,9,8,2.0,5.0,6.857142857142857,8.633333333333333,0,True
2022-09-09,Frankie,4,5.303304908059076,4,0,9,9,19.0,7.0,8.857142857142858,9.033333333333333,0,True
2022-09-18,Frankie,8,5.993961427306569,6,1,9,18,4.0,5.0,8.428571428571429,8.833333333333334,0,True
2022-09-20,Frankie,13,6.478509642208569,1,0,9,20,8.0,4.0,8.857142857142858,8.833333333333334,0,True
2022-09-25,Frankie,6,5.707110264748875,6,1,9,25,13.0,15.0,10.142857142857142,8.966666666666667,0,True
2022-09-28,Frankie,4,5.303304908059076,2,0,9,28,6.0,10.0,8.857142857142858,8.9,0,True
2022-09-30,Frankie,13,6.478509642208569,4,0,9,30,4.0,2.0,8.0,8.6,0,True
2022-10-02,Frankie,12,6.398594934535208,6,1,10,2,13.0,19.0,9.571428571428571,8.6,0,True
2022-10-03,Frankie,13,6.478509642208569,0,0,10,3,12.0,4.0,8.571428571428571,8.8,0,True
2022-10-07,Frankie,7,5.860786223465865,4,0,10,7,13.0,8.0,9.857142857142858,9.2,0,True
2022-10-08,Frankie,7,5.860786223465865,5,1,10,8,7.0,13.0,9.714285714285714,9.033333333333333,0,True
2022-10-11,Frankie,7,5.860786223465865,1,0,10,11,7.0,6.0,8.857142857142858,9.066666666666666,0,True
2022-10-13,Frankie,7,5.860786223465865,3,0,10,13,7.0,4.0,9.0,9.066666666666666,0,True
2022-10-17,Frankie,12,6.398594934535208,0,0,10,17,7.0,13.0,9.428571428571429,8.966666666666667,0,True
2022-10-21,Frankie,7,5.860786223465865,4,0,10,21,12.0,12.0,9.285714285714286,9.033333333333333,0,True
2022-10-28,Frankie,4,5.303304908059076,4,0,10,28,7.0,13.0,8.571428571428571,8.833333333333334,0,True
2022-10-31,Frankie,25,7.1316985104669115,0,0,10,31,4.0,7.0,7.285714285714286,8.3,0,True
2022-11-02,Frankie,4,5.303304908059076,2,0,11,2,25.0,7.0,9.857142857142858,8.966666666666667,0,True
2022-11-03,Frankie,6,5.707110264748875,3,0,11,3,4.0,7.0,9.428571428571429,8.6,0,True
2022-11-05,Frankie,9,6.111467339502679,5,1,11,5,6.0,7.0,9.285714285714286,8.366666666666667,0,True
2022-11-06,Frankie,4,5.303304908059076,6,1,11,6,9.0,12.0,9.571428571428571,8.466666666666667,0,True
2022-11-10,Frankie,9,6.111467339502679,3,0,11,10,4.0,7.0,8.428571428571429,8.5,0,True
2022-11-13,Frankie,11,6.311734809152915,6,1,11,13,9.0,4.0,8.714285714285714,8.6,0,True
2022-11-15,Frankie,6,5.707110264748875,1,0,11,15,11.0,25.0,9.714285714285714,8.633333333333333,0,True
2022-11-19,Frankie,24,7.0909098220799835,5,1,11,19,6.0,4.0,7.0,8.666666666666666,0,True
2022-11-23,Frankie,9,6.111467339502679,2,0,11,23,24.0,6.0,9.857142857142858,9.233333333333333,0,True
2022-11-25,Frankie,4,5.303304908059076,4,0,11,25,9.0,9.0,10.285714285714286,9.366666666666667,0,True
2022-11-26,Frankie,7,5.860786223465865,5,1,11,26,4.0,4.0,9.571428571428571,9.366666666666667,0,True
2022-11-29,Frankie,15,6.621405651764134,1,0,11,29,7.0,9.0,10.0,9.1,0,True
2022-12-01,Frankie,8,5.993961427306569,3,0,12,1,15.0,11.0,10.857142857142858,9.266666666666667,0,True
2022-12-04,Frankie,19,6.85751406254539,6,1,12,4,8.0,6.0,10.428571428571429,9.466666666666667,0,True
2022-12-09,Frankie,9,6.111467339502679,4,0,12,9,19.0,24.0,12.285714285714286,9.466666666666667,0,True
2022-12-13,Frankie,15,6.621405651764134,1,0,12,13,9.0,9.0,10.142857142857142,9.633333333333333,0,True
2022-12-25,Frankie,5,5.5254529391317835,6,1,12,25,15.0,4.0,11.0,9.866666666666667,1,True
2023-01-03,Frankie,13,6.478509642208569,1,0,1,3,5.0,7.0,11.142857142857142,9.6,0,True
2023-01-05,Frankie,35,7.467942332285852,3,0,1,5,13.0,15.0,12.0,9.833333333333334,0,True
2023-01-06,Frankie,6,5.707110264748875,4,0,1,6,35.0,8.0,14.857142857142858,10.866666666666667,0,True
2023-01-07,Frankie,3,5.017279836814924,5,1,1,7,6.0,19.0,14.571428571428571,10.633333333333333,0,True
2023-01-11,Frankie,9,6.111467339502679,2,0,1,11,3.0,9.0,12.285714285714286,10.333333333333334,0,True
2023-01-13,Frankie,14,6.55250788703459,4,0,1,13,9.0,15.0,12.285714285714286,10.2,0,True
2023-01-16,Frankie,2,4.61512051684126,0,0,1,16,14.0,5.0,12.142857142857142,10.433333333333334,1,True
2023-01-17,Frankie,6,5.707110264748875,1,0,1,17,2.0,13.0,11.714285714285714,10.266666666666667,0,True
2023-01-20,Frankie,20,6.90875477931522,4,0,1,20,6.0,35.0,10.714285714285714,10.233333333333333,0,True
2023-01-26,Frankie,15,6.621405651764134,3,0,1,26,20.0,6.0,8.571428571428571,10.666666666666666,0,True
2023-01-27,Frankie,8,5.993961427306569,4,0,1,27,15.0,3.0,9.857142857142858,10.766666666666667,0,True
2023-01-28,Frankie,2,4.61512051684126,5,1,1,28,8.0,9.0,10.571428571428571,10.8,0,True
2023-01-29,Frankie,7,5.860786223465865,6,1,1,29,2.0,14.0,9.571428571428571,10.733333333333333,0,True
2023-01-30,Frankie,13,6.478509642208569,0,0,1,30,7.0,2.0,8.571428571428571,10.133333333333333,0,True
2023-02-01,Frankie,7,5.860786223465865,2,0,2,1,13.0,6.0,10.142857142857142,10.433333333333334,0,True
2023-02-03,Frankie,23,7.048386408721883,4,0,2,3,7.0,20.0,10.285714285714286,10.466666666666667,0,True
2023-02-04,Frankie,12,6.398594934535208,5,1,2,4,23.0,15.0,10.714285714285714,10.933333333333334,0,True
2023-02-05,Frankie,10,6.2166061010848646,6,1,2,5,12.0,8.0,10.285714285714286,11.2,0,True
2023-02-07,Frankie,10,6.2166061010848646,1,0,2,7,10.0,2.0,10.571428571428571,11.233333333333333,0,True
2023-02-08,Frankie,12,6.398594934535208,2,0,2,8,10.0,7.0,11.714285714285714,11.2,0,True
2023-02-12,Frankie,4,5.303304908059076,6,1,2,12,12.0,13.0,12.428571428571429,11.4,0,True
2023-02-15,Frankie,15,6.621405651764134,2,0,2,15,4.0,7.0,11.142857142857142,10.733333333333333,0,True
2023-02-22,Frankie,9,6.111467339502679,2,0,2,22,15.0,23.0,12.285714285714286,10.933333333333334,0,True
2023-02-24,Frankie,7,5.860786223465865,4,0,2,24,9.0,12.0,10.285714285714286,11.1,0,True
2023-02-25,Frankie,9,6.111467339502679,5,1,2,25,7.0,10.0,9.571428571428571,11.1,0,True
2023-02-26,Frankie,19,6.85751406254539,6,1,2,26,9.0,10.0,9.428571428571429,10.9,0,True
2023-02-27,Frankie,23,7.048386408721883,0,0,2,27,19.0,12.0,10.714285714285714,11.266666666666667,0,True
2023-02-28,Frankie,6,5.707110264748875,1,0,2,28,23.0,4.0,12.285714285714286,11.4,0,True
2023-03-02,Frankie,8,5.993961427306569,3,0,3,2,6.0,15.0,12.571428571428571,11.3,0,True
2023-03-09,Frankie,30,7.313886831633462,3,0,3,9,8.0,9.0,11.571428571428571,11.066666666666666,0,True
2023-03-10,Frankie,7,5.860786223465865,4,0,3,10,30.0,7.0,14.571428571428571,11.9,0,True
2023-03-14,Frankie,13,6.478509642208569,1,0,3,14,7.0,9.0,14.571428571428571,11.7,0,True
2023-03-15,Frankie,2,4.61512051684126,2,0,3,15,13.0,19.0,15.142857142857142,10.966666666666667,0,True
2023-03-16,Frankie,11,6.311734809152915,3,0,3,16,2.0,23.0,12.714285714285714,10.833333333333334,0,True
2023-03-19,Frankie,26,7.170888478512505,6,1,3,19,11.0,6.0,11.0,11.1,0,True
2022-04-03,Panipuri,11,5.3981627015177525,6,1,4,3,,,,,0,True
2022-04-08,Panipuri,11,5.3981627015177525,4,0,4,8,11.0,,11.0,11.0,0,True
2022-04-21,Panipuri,8,5.081404364984463,3,0,4,21,11.0,,11.0,11.0,0,True
2022-04-22,Panipuri,14,5.638354669333745,4,0,4,22,8.0,,10.0,10.0,0,True
2022-04-23,Panipuri,9,5.198497031265826,5,1,4,23,14.0,,11.0,11.0,0,True
2022-04-24,Panipuri,3,4.110873864173311,6,1,4,24,9.0,,10.6,10.6,0,True
2022-04-27,Panipuri,11,5.3981627015177525,2,0,4,27,3.0,,9.333333333333334,9.333333333333334,0,True
2022-05-03,Panipuri,7,4.948759890378168,1,0,5,3,11.0,11.0,9.571428571428571,9.571428571428571,0,True
2022-05-08,Panipuri,11,5.3981627015177525,6,1,5,8,7.0,11.0,9.0,9.25,0,True
2022-05-09,Panipuri,14,5.638354669333745,0,0,5,9,11.0,8.0,9.0,9.444444444444445,0,True
2022-05-12,Panipuri,10,5.303304908059076,3,0,5,12,14.0,14.0,9.857142857142858,9.9,0,True
2022-05-17,Panipuri,7,4.948759890378168,1,0,5,17,10.0,9.0,9.285714285714286,9.909090909090908,0,True
2022-05-25,Panipuri,2,3.713572066704308,2,0,5,25,7.0,3.0,9.0,9.666666666666666,0,True
2022-05-27,Panipuri,14,5.638354669333745,4,0,5,27,2.0,11.0,8.857142857142858,9.076923076923077,0,True
2022-05-28,Panipuri,5,4.61512051684126,5,1,5,28,14.0,7.0,9.285714285714286,9.428571428571429,0,True
2022-06-01,Panipuri,6,4.795790545596741,2,0,6,1,5.0,11.0,9.0,9.133333333333333,0,True
2022-06-04,Panipuri,2,3.713572066704308,5,1,6,4,6.0,14.0,8.285714285714286,8.9375,0,True
2022-06-05,Panipuri,7,4.948759890378168,6,1,6,5,2.0,10.0,6.571428571428571,8.529411764705882,0,True
2022-06-10,Panipuri,1,3.044522437723423,4,0,6,10,7.0,7.0,6.142857142857143,8.444444444444445,0,True
2022-06-13,Panipuri,8,5.081404364984463,0,0,6,13,1.0,2.0,5.285714285714286,8.052631578947368,0,True
2022-06-17,Panipuri,12,5.484796933490655,4,0,6,17,8.0,14.0,6.142857142857143,8.05,0,True
2022-06-19,Panipuri,2,3.713572066704308,6,1,6,19,12.0,5.0,5.857142857142857,8.238095238095237,1,True
2022-06-22,Panipuri,4,4.394449154672439,2,0,6,22,2.0,6.0,5.428571428571429,7.954545454545454,0,True
2022-06-24,Panipuri,9,5.198497031265826,4,0,6,24,4.0,2.0,5.142857142857143,7.782608695652174,0,True
2022-06-26,Panipuri,9,5.198497031265826,6,1,6,26,9.0,7.0,6.142857142857143,7.833333333333333,0,True
2022-06-30,Panipuri,8,5.081404364984463,3,0,6,30,9.0,1.0,6.428571428571429,7.88,0,True
2022-07-01,Panipuri,10,5.303304908059076,4,0,7,1,8.0,8.0,7.428571428571429,7.884615384615385,0,True
2022-07-02,Panipuri,15,5.707110264748875,5,1,7,2,10.0,12.0,7.714285714285714,7.962962962962963,0,True
2022-07-05,Panipuri,15,5.707110264748875,1,0,7,5,15.0,2.0,8.142857142857142,8.214285714285714,0,True
2022-07-08,Panipuri,10,5.303304908059076,4,0,7,8,15.0,4.0,10.0,8.448275862068966,0,True
2022-07-20,Panipuri,3,4.110873864173311,2,0,7,20,10.0,9.0,10.857142857142858,8.5,0,True
2022-07-21,Panipuri,12,5.484796933490655,3,0,7,21,3.0,9.0,10.0,8.233333333333333,0,True
2022-07-26,Panipuri,13,5.564520407322694,1,0,7,26,12.0,8.0,10.428571428571429,8.266666666666667,0,True
2022-07-27,Panipuri,16,5.771441123130016,2,0,7,27,13.0,10.0,11.142857142857142,8.433333333333334,0,True
2022-07-29,Panipuri,5,4.61512051684126,4,0,7,29,16.0,15.0,12.0,8.5,0,True
2022-07-30,Panipuri,12,5.484796933490655,5,1,7,30,5.0,15.0,10.571428571428571,8.366666666666667,0,True
2022-07-31,Panipuri,5,4.61512051684126,6,1,7,31,12.0,10.0,10.142857142857142,8.666666666666666,0,True
2022-08-02,Panipuri,4,4.394449154672439,1,0,8,2,5.0,3.0,9.428571428571429,8.466666666666667,0,True
2022-08-04,Panipuri,15,5.707110264748875,3,0,8,4,4.0,12.0,9.571428571428571,8.366666666666667,0,True
2022-08-06,Panipuri,5,4.61512051684126,5,1,8,6,15.0,13.0,10.0,8.5,0,True
2022-08-08,Panipuri,5,4.61512051684126,0,0,8,8,5.0,16.0,8.857142857142858,8.2,0,True
2022-08-10,Panipuri,19,5.942799375126701,2,0,8,10,5.0,5.0,7.285714285714286,8.033333333333333,0,True
2022-08-13,Panipuri,12,5.484796933490655,5,1,8,13,19.0,12.0,9.285714285714286,8.433333333333334,0,True
2022-08-14,Panipuri,11,5.3981627015177525,6,1,8,14,12.0,5.0,9.285714285714286,8.766666666666667,0,True
2022-08-15,Panipuri,20,5.993961427306569,0,0,8,15,11.0,4.0,10.142857142857142,8.666666666666666,0,True
2022-08-17,Panipuri,19,5.942799375126701,2,0,8,17,20.0,15.0,12.428571428571429,9.166666666666666,0,True
2022-08-18,Panipuri,6,4.795790545596741,3,0,8,18,19.0,5.0,13.0,9.6,0,True
2022-08-21,Panipuri,4,4.394449154672439,6,1,8,21,6.0,5.0,13.142857142857142,9.733333333333333,0,True
2022-08-22,Panipuri,11,5.3981627015177525,0,0,8,22,4.0,19.0,13.0,9.633333333333333,0,True
2022-08-24,Panipuri,10,5.303304908059076,2,0,8,24,11.0,12.0,11.857142857142858,9.966666666666667,0,True
2022-08-27,Panipuri,5,4.61512051684126,5,1,8,27,10.0,11.0,11.571428571428571,10.033333333333333,0,True
2022-09-01,Panipuri,2,3.713572066704308,3,0,9,1,5.0,20.0,10.714285714285714,9.8,0,True
2022-09-07,Panipuri,3,4.110873864173311,2,0,9,7,2.0,19.0,8.142857142857142,9.8,0,True
2022-09-08,Panipuri,2,3.713572066704308,3,0,9,8,3.0,6.0,5.857142857142857,9.766666666666667,0,True
2022-09-11,Panipuri,1,3.044522437723423,6,1,9,11,2.0,4.0,5.285714285714286,9.533333333333333,0,True
2022-09-14,Panipuri,12,5.484796933490655,2,0,9,14,1.0,11.0,4.857142857142857,9.266666666666667,0,True
2022-09-16,Panipuri,5,4.61512051684126,4,0,9,16,12.0,10.0,5.0,9.4,0,True
2022-09-21,Panipuri,14,5.638354669333745,2,0,9,21,5.0,5.0,4.285714285714286,9.233333333333333,0,True
2022-09-22,Panipuri,8,5.081404364984463,3,0,9,22,14.0,2.0,5.571428571428571,9.2,0,True
2022-09-25,Panipuri,13,5.564520407322694,6,1,9,25,8.0,3.0,6.428571428571429,8.966666666666667,0,True
2022-09-27,Panipuri,15,5.707110264748875,1,0,9,27,13.0,2.0,7.857142857142857,9.066666666666666,0,True
2022-10-01,Panipuri,5,4.61512051684126,5,1,10,1,15.0,1.0,9.714285714285714,9.466666666666667,0,True
2022-10-09,Panipuri,15,5.707110264748875,6,1,10,9,5.0,12.0,10.285714285714286,9.233333333333333,0,True
2022-10-13,Panipuri,10,5.303304908059076,3,0,10,13,15.0,5.0,10.714285714285714,9.3,0,True
2022-10-16,Panipuri,11,5.3981627015177525,6,1,10,16,10.0,14.0,11.428571428571429,9.1,0,True
2022-10-19,Panipuri,13,5.564520407322694,2,0,10,19,11.0,8.0,11.0,9.3,0,True
2022-10-23,Panipuri,13,5.564520407322694,6,1,10,23,13.0,13.0,11.714285714285714,9.333333333333334,0,True
2022-10-28,Panipuri,9,5.198497031265826,4,0,10,28,13.0,15.0,11.714285714285714,9.6,0,True
2022-10-30,Panipuri,14,5.638354669333745,6,1,10,30,9.0,5.0,10.857142857142858,9.766666666666667,0,True
2022-11-01,Panipuri,12,5.484796933490655,1,0,11,1,14.0,15.0,12.142857142857142,9.733333333333333,0,True
2022-11-05,Panipuri,24,6.175867270105761,5,1,11,5,12.0,10.0,11.714285714285714,9.966666666666667,0,True
2022-11-08,Panipuri,23,6.133398042996649,1,0,11,8,24.0,11.0,13.714285714285714,10.6,0,True
2022-11-09,Panipuri,1,3.044522437723423,2,0,11,9,23.0,13.0,15.428571428571429,10.733333333333333,0,True
2022-11-11,Panipuri,25,6.2166061010848646,4,0,11,11,1.0,13.0,13.714285714285714,10.366666666666667,1,True
2022-11-12,Panipuri,11,5.3981627015177525,5,1,11,12,25.0,9.0,15.428571428571429,10.833333333333334,0,True
2022-11-16,Panipuri,2,3.713572066704308,2,0,11,16,11.0,14.0,15.714285714285714,10.533333333333333,0,True
2022-11-17,Panipuri,23,6.133398042996649,3,0,11,17,2.0,12.0,14.0,9.966666666666667,0,True
2022-11-18,Panipuri,14,5.638354669333745,4,0,11,18,23.0,24.0,15.571428571428571,10.533333333333333,0,True
2022-11-20,Panipuri,12,5.484796933490655,6,1,11,20,14.0,23.0,14.142857142857142,10.866666666666667,0,True
2022-11-23,Panipuri,11,5.3981627015177525,2,0,11,23,12.0,1.0,12.571428571428571,10.9,0,True
2022-11-26,Panipuri,10,5.303304908059076,5,1,11,26,11.0,25.0,14.0,10.933333333333334,0,True
2022-11-30,Panipuri,10,5.303304908059076,2,0,11,30,10.0,11.0,11.857142857142858,11.1,0,True
2022-12-03,Panipuri,9,5.198497031265826,5,1,12,3,10.0,2.0,11.714285714285714,11.366666666666667,0,True
2022-12-12,Panipuri,10,5.303304908059076,0,0,12,12,9.0,23.0,12.714285714285714,11.566666666666666,0,True
2022-12-14,Panipuri,13,5.564520407322694,2,0,12,14,10.0,14.0,10.857142857142858,11.833333333333334,0,True
2022-12-15,Panipuri,7,4.948759890378168,3,0,12,15,13.0,12.0,10.714285714285714,12.233333333333333,0,True
2022-12-16,Panipuri,2,3.713572066704308,4,0,12,16,7.0,11.0,10.0,12.066666666666666,0,True
2022-12-17,Panipuri,14,5.638354669333745,5,1,12,17,2.0,10.0,8.714285714285714,11.966666666666667,0,True
2022-12-22,Panipuri,25,6.2166061010848646,3,0,12,22,14.0,10.0,9.285714285714286,11.966666666666667,0,True
2022-12-24,Panipuri,6,4.795790545596741,5,1,12,24,25.0,9.0,11.428571428571429,12.533333333333333,0,True
2022-12-28,Panipuri,28,6.329720905522696,2,0,12,28,6.0,10.0,11.0,12.3,0,True
2022-12-29,Panipuri,25,6.2166061010848646,3,0,12,29,28.0,13.0,13.571428571428571,12.733333333333333,0,True
2023-01-04,Panipuri,13,5.564520407322694,2,0,1,4,25.0,7.0,15.285714285714286,13.4,0,True
2023-01-07,Panipuri,1,3.044522437723423,5,1,1,7,13.0,2.0,16.142857142857142,13.333333333333334,0,True
2023-01-10,Panipuri,7,4.948759890378168,1,0,1,10,1.0,14.0,16.0,13.033333333333333,0,True
2023-01-11,Panipuri,20,5.993961427306569,2,0,1,11,7.0,25.0,15.0,12.9,0,True
2023-01-13,Panipuri,6,4.795790545596741,4,0,1,13,20.0,6.0,14.285714285714286,13.133333333333333,0,True
2023-01-16,Panipuri,17,5.831882477283517,0,0,1,16,6.0,28.0,14.285714285714286,12.9,1,True
2023-01-21,Panipuri,2,3.713572066704308,5,1,1,21,17.0,25.0,12.714285714285714,13.166666666666666,0,True
2023-01-22,Panipuri,15,5.707110264748875,6,1,1,22,2.0,13.0,9.428571428571429,12.766666666666667,0,True
2023-01-25,Panipuri,20,5.993961427306569,2,0,1,25,15.0,1.0,9.714285714285714,12.866666666666667,0,True
2023-01-27,Panipuri,14,5.638354669333745,4,0,1,27,20.0,7.0,12.428571428571429,12.733333333333333,0,True
2023-01-28,Panipuri,7,4.948759890378168,5,1,1,28,14.0,20.0,13.428571428571429,12.433333333333334,0,True
2023-02-03,Panipuri,5,4.61512051684126,4,0,2,3,7.0,6.0,11.571428571428571,12.633333333333333,0,True
2023-02-06,Panipuri,7,4.948759890378168,0,0,2,6,5.0,17.0,11.428571428571429,11.966666666666667,0,True
2023-02-08,Panipuri,3,4.110873864173311,2,0,2,8,7.0,2.0,10.0,11.833333333333334,0,True
2023-02-13,Panipuri,18,5.8888779583328805,0,0,2,13,3.0,15.0,10.142857142857142,11.866666666666667,0,True
2023-02-15,Panipuri,3,4.110873864173311,2,0,2,15,18.0,20.0,10.571428571428571,11.7,0,True
2023-03-03,Panipuri,13,5.564520407322694,4,0,3,3,3.0,14.0,8.142857142857142,11.333333333333334,0,True
2023-03-05,Panipuri,4,4.394449154672439,6,1,3,5,13.0,7.0,8.0,11.366666666666667,0,True
2023-03-07,Panipuri,9,5.198497031265826,1,0,3,7,4.0,5.0,7.571428571428571,11.133333333333333,0,True
2023-03-08,Panipuri,12,5.484796933490655,2,0,3,8,9.0,7.0,8.142857142857142,11.1,0,True
2023-03-09,Panipuri,4,4.394449154672439,3,0,3,9,12.0,3.0,8.857142857142858,11.166666666666666,0,True
2023-03-16,Panipuri,6,4.795790545596741,3,0,3,16,4.0,18.0,9.0,11.0,0,True
2023-03-19,Panipuri,11,5.3981627015177525,6,1,3,19,6.0,3.0,7.285714285714286,10.866666666666667,0,True
2023-03-23,Panipuri,12,5.484796933490655,3,0,3,23,11.0,13.0,8.428571428571429,10.8,0,True
2023-03-25,Panipuri,14,5.638354669333745,5,1,3,25,12.0,4.0,8.285714285714286,10.966666666666667,0,True
2023-03-27,Panipuri,34,6.523562306149512,0,0,3,27,14.0,9.0,9.714285714285714,11.366666666666667,0,True
2022-04-01,Sandwich,7,6.042632833682381,4,0,4,1,,,,,0,True
2022-04-02,Sandwich,15,6.803505257608338,5,1,4,2,7.0,,7.0,7.0,0,True
2022-04-03,Sandwich,1,4.110873864173311,6,1,4,3,15.0,,11.0,11.0,0,True
2022-04-04,Sandwich,29,7.462214939768189,0,0,4,4,1.0,,7.666666666666667,7.666666666666667,0,True
2022-04-07,Sandwich,24,7.273092595999522,3,0,4,7,29.0,,13.0,13.0,0,True
2022-04-09,Sandwich,1,4.110873864173311,5,1,4,9,24.0,,15.2,15.2,0,True
2022-04-12,Sandwich,1,4.110873864173311,1,0,4,12,1.0,,12.833333333333334,12.833333333333334,0,True
2022-04-14,Sandwich,11,6.493753839851686,3,0,4,14,1.0,7.0,11.142857142857142,11.142857142857142,0,True
2022-04-16,Sandwich,6,5.8888779583328805,5,1,4,16,11.0,15.0,11.714285714285714,11.125,0,True
2022-04-17,Sandwich,12,6.580639137284949,6,1,4,17,6.0,1.0,10.428571428571429,10.555555555555555,0,True
2022-04-19,Sandwich,4,5.484796933490655,1,0,4,19,12.0,29.0,12.0,10.7,0,True
2022-04-23,Sandwich,4,5.484796933490655,5,1,4,23,4.0,24.0,8.428571428571429,10.090909090909092,0,True
2022-04-30,Sandwich,10,6.398594934535208,5,1,4,30,4.0,1.0,5.571428571428571,9.583333333333334,0,True
2022-05-03,Sandwich,8,6.175867270105761,1,0,5,3,10.0,1.0,6.857142857142857,9.615384615384615,0,True
2022-05-07,Sandwich,10,6.398594934535208,5,1,5,7,8.0,11.0,7.857142857142857,9.5,0,True
2022-05-08,Sandwich,1,4.110873864173311,6,1,5,8,10.0,6.0,7.714285714285714,9.533333333333333,0,True
2022-05-15,Sandwich,7,6.042632833682381,6,1,5,15,1.0,12.0,7.0,9.0,0,True
2022-05-21,Sandwich,2,4.795790545596741,5,1,5,21,7.0,4.0,6.285714285714286,8.882352941176471,0,True
2022-05-22,Sandwich,26,7.353081920515432,6,1,5,22,2.0,4.0,6.0,8.5,0,True
2022-05-25,Sandwich,2,4.795790545596741,2,0,5,25,26.0,10.0,9.142857142857142,9.421052631578947,0,True
2022-05-26,Sandwich,3,5.198497031265826,3,0,5,26,2.0,8.0,8.0,9.05,0,True
2022-05-27,Sandwich,16,6.8679744089702925,4,0,5,27,3.0,10.0,7.285714285714286,8.761904761904763,0,True
2022-06-11,Sandwich,6,5.8888779583328805,5,1,6,11,16.0,1.0,8.142857142857142,9.090909090909092,0,True
2022-06-15,Sandwich,13,6.660575149839686,2,0,6,15,6.0,7.0,8.857142857142858,8.956521739130435,0,True
2022-06-17,Sandwich,15,6.803505257608338,4,0,6,17,13.0,2.0,9.714285714285714,9.125,0,True
2022-06-19,Sandwich,10,6.398594934535208,6,1,6,19,15.0,26.0,11.571428571428571,9.36,1,True
2022-06-25,Sandwich,3,5.198497031265826,5,1,6,25,10.0,2.0,9.285714285714286,9.384615384615385,0,True
2022-06-30,Sandwich,17,6.928537818164665,3,0,6,30,3.0,3.0,9.428571428571429,9.148148148148149,0,True
2022-07-03,Sandwich,2,4.795790545596741,6,1,7,3,17.0,16.0,11.428571428571429,9.428571428571429,0,True
2022-07-04,Sandwich,10,6.398594934535208,0,0,7,4,2.0,6.0,9.428571428571429,9.172413793103448,1,True
2022-07-06,Sandwich,1,4.110873864173311,2,0,7,6,10.0,13.0,10.0,9.2,0,True
2022-07-10,Sandwich,7,6.042632833682381,6,1,7,10,1.0,15.0,8.285714285714286,9.0,0,True
2022-07-11,Sandwich,25,7.313886831633462,0,0,7,11,7.0,10.0,7.142857142857143,8.733333333333333,0,True
2022-07-14,Sandwich,12,6.580639137284949,3,0,7,14,25.0,3.0,9.285714285714286,9.533333333333333,0,True
2022-07-21,Sandwich,7,6.042632833682381,3,0,7,21,12.0,17.0,10.571428571428571,8.966666666666667,0,True
2022-07-25,Sandwich,9,6.293419278846481,0,0,7,25,7.0,2.0,9.142857142857142,8.4,0,True
2022-07-26,Sandwich,9,6.293419278846481,1,0,7,26,9.0,10.0,10.142857142857142,8.666666666666666,0,True
2022-07-27,Sandwich,8,6.175867270105761,2,0,7,27,9.0,1.0,10.0,8.933333333333334,0,True
2022-08-05,Sandwich,9,6.293419278846481,4,0,8,5,8.0,7.0,11.0,8.833333333333334,0,True
2022-08-09,Sandwich,10,6.398594934535208,1,0,8,9,9.0,25.0,11.285714285714286,8.933333333333334,0,True
2022-08-12,Sandwich,6,5.8888779583328805,4,0,8,12,10.0,12.0,9.142857142857142,8.866666666666667,0,True
2022-08-14,Sandwich,15,6.803505257608338,6,1,8,14,6.0,7.0,8.285714285714286,8.933333333333334,0,True
2022-08-22,Sandwich,22,7.186144304522325,0,0,8,22,15.0,9.0,9.428571428571429,9.3,0,True
2022-08-30,Sandwich,6,5.8888779583328805,1,0,8,30,22.0,9.0,11.285714285714286,9.7,0,True
2022-08-31,Sandwich,1,4.110873864173311,2,0,8,31,6.0,8.0,10.857142857142858,9.633333333333333,0,True
2022-09-01,Sandwich,15,6.803505257608338,3,0,9,1,1.0,9.0,9.857142857142858,9.333333333333334,0,True
2022-09-04,Sandwich,13,6.660575149839686,6,1,9,4,15.0,10.0,10.714285714285714,9.8,0,True
2022-09-05,Sandwich,4,5.484796933490655,0,0,9,5,13.0,6.0,11.142857142857142,10.0,1,True
2022-09-07,Sandwich,13,6.660575149839686,2,0,9,7,4.0,15.0,10.857142857142858,10.066666666666666,0,True
2022-09-11,Sandwich,6,5.8888779583328805,6,1,9,11,13.0,22.0,10.571428571428571,9.633333333333333,0,True
2022-09-17,Sandwich,12,6.580639137284949,5,1,9,17,6.0,6.0,8.285714285714286,9.766666666666667,0,True
2022-09-20,Sandwich,21,7.13966033596492,1,0,9,20,12.0,1.0,9.142857142857142,10.066666666666666,0,True
2022-09-21,Sandwich,9,6.293419278846481,2,0,9,21,21.0,15.0,12.0,10.233333333333333,0,True
2022-10-01,Sandwich,13,6.660575149839686,5,1,10,1,9.0,13.0,11.142857142857142,10.333333333333334,0,True
2022-10-07,Sandwich,6,5.8888779583328805,4,0,10,7,13.0,4.0,11.142857142857142,10.333333333333334,0,True
2022-10-08,Sandwich,11,6.493753839851686,5,1,10,8,6.0,13.0,11.428571428571429,10.033333333333333,0,True
2022-10-09,Sandwich,30,7.496097345175956,6,1,10,9,11.0,6.0,11.142857142857142,10.066666666666666,0,True
2022-10-14,Sandwich,8,6.175867270105761,4,0,10,14,30.0,12.0,14.571428571428571,10.966666666666667,0,True
2022-10-18,Sandwich,9,6.293419278846481,1,0,10,18,8.0,21.0,14.0,10.666666666666666,0,True
2022-10-20,Sandwich,6,5.8888779583328805,3,0,10,20,9.0,9.0,12.285714285714286,10.9,0,True
2022-10-21,Sandwich,5,5.707110264748875,4,0,10,21,6.0,13.0,11.857142857142858,10.766666666666667,0,True
2022-10-22,Sandwich,14,6.734591659972948,5,1,10,22,5.0,6.0,10.714285714285714,10.9,0,True
2022-11-02,Sandwich,19,7.039660349862076,2,0,11,2,14.0,11.0,11.857142857142858,11.133333333333333,0,True
2022-11-05,Sandwich,4,5.484796933490655,5,1,11,5,19.0,30.0,13.0,10.933333333333334,0,True
2022-11-10,Sandwich,2,4.795790545596741,3,0,11,10,4.0,8.0,9.285714285714286,10.666666666666666,0,True
2022-11-12,Sandwich,3,5.198497031265826,5,1,11,12,2.0,9.0,8.428571428571429,10.5,0,True
2022-11-18,Sandwich,4,5.484796933490655,4,0,11,18,3.0,6.0,7.571428571428571,10.3,0,True
2022-11-22,Sandwich,10,6.398594934535208,1,0,11,22,4.0,5.0,7.285714285714286,10.133333333333333,0,True
2022-11-24,Sandwich,7,6.042632833682381,3,0,11,24,10.0,14.0,8.0,10.2,1,True
2022-11-28,Sandwich,6,5.8888779583328805,0,0,11,28,7.0,19.0,7.0,10.133333333333333,0,True
2022-11-29,Sandwich,10,6.398594934535208,1,0,11,29,6.0,4.0,5.142857142857143,10.0,0,True
2022-12-01,Sandwich,7,6.042632833682381,3,0,12,1,10.0,2.0,6.0,10.133333333333333,0,True
2022-12-02,Sandwich,15,6.803505257608338,4,0,12,2,7.0,3.0,6.714285714285714,9.866666666666667,0,True
2022-12-10,Sandwich,1,4.110873864173311,5,1,12,10,15.0,4.0,8.428571428571429,9.633333333333333,0,True
2022-12-11,Sandwich,10,6.398594934535208,6,1,12,11,1.0,10.0,8.0,9.466666666666667,0,True
2022-12-14,Sandwich,15,6.803505257608338,2,0,12,14,10.0,7.0,8.0,9.766666666666667,0,True
2022-12-17,Sandwich,13,6.660575149839686,5,1,12,17,15.0,6.0,9.142857142857142,9.766666666666667,0,True
2022-12-22,Sandwich,12,6.580639137284949,3,0,12,22,13.0,10.0,10.142857142857142,9.766666666666667,0,True
2023-01-01,Sandwich,13,6.660575149839686,6,1,1,1,12.0,7.0,10.428571428571429,10.033333333333333,1,True
2023-01-03,Sandwich,10,6.398594934535208,1,0,1,3,13.0,15.0,11.285714285714286,10.033333333333333,0,True
2023-01-04,Sandwich,15,6.803505257608338,2,0,1,4,10.0,1.0,10.571428571428571,10.166666666666666,0,True
2023-01-05,Sandwich,11,6.493753839851686,3,0,1,5,15.0,10.0,12.571428571428571,10.266666666666667,0,True
2023-01-06,Sandwich,12,6.580639137284949,4,0,1,6,11.0,15.0,12.714285714285714,9.933333333333334,0,True
2023-01-12,Sandwich,14,6.734591659972948,3,0,1,12,12.0,13.0,12.285714285714286,10.033333333333333,0,True
2023-01-16,Sandwich,23,7.2305631534092925,0,0,1,16,14.0,12.0,12.428571428571429,10.066666666666666,1,True
2023-01-18,Sandwich,7,6.042632833682381,2,0,1,18,23.0,13.0,14.0,10.633333333333333,0,True
2023-01-19,Sandwich,8,6.175867270105761,3,0,1,19,7.0,10.0,13.142857142857142,10.5,0,True
2023-01-23,Sandwich,7,6.042632833682381,0,0,1,23,8.0,15.0,12.857142857142858,9.766666666666667,0,True
2023-01-25,Sandwich,7,6.042632833682381,2,0,1,25,7.0,11.0,11.714285714285714,9.733333333333333,0,True
2023-01-26,Sandwich,13,6.660575149839686,3,0,1,26,7.0,12.0,11.142857142857142,9.666666666666666,0,True
2023-01-31,Sandwich,3,5.198497031265826,1,0,1,31,13.0,14.0,11.285714285714286,9.9,0,True
2023-02-05,Sandwich,5,5.707110264748875,6,1,2,5,3.0,23.0,9.714285714285714,9.833333333333334,0,True
2023-02-07,Sandwich,4,5.484796933490655,1,0,2,7,5.0,7.0,7.142857142857143,9.533333333333333,0,True
2023-02-13,Sandwich,26,7.353081920515432,0,0,2,13,4.0,8.0,6.714285714285714,9.033333333333333,0,True
2023-02-14,Sandwich,7,6.042632833682381,1,0,2,14,26.0,7.0,9.285714285714286,9.766666666666667,0,True
2023-02-17,Sandwich,12,6.580639137284949,4,0,2,17,7.0,7.0,9.285714285714286,9.933333333333334,0,True
2023-02-21,Sandwich,8,6.175867270105761,1,0,2,21,12.0,13.0,10.0,10.233333333333333,0,True
2023-02-23,Sandwich,14,6.734591659972948,3,0,2,23,8.0,3.0,9.285714285714286,10.366666666666667,0,True
2023-02-24,Sandwich,7,6.042632833682381,4,0,2,24,14.0,5.0,10.857142857142858,10.5,0,True
2023-03-01,Sandwich,18,6.985641817639208,2,0,3,1,7.0,4.0,11.142857142857142,10.5,0,True
2023-03-06,Sandwich,7,6.042632833682381,0,0,3,6,18.0,26.0,13.142857142857142,10.9,0,True
2023-03-07,Sandwich,1,4.110873864173311,1,0,3,7,7.0,7.0,10.428571428571429,10.8,0,True
2023-03-08,Sandwich,9,6.293419278846481,2,0,3,8,1.0,12.0,9.571428571428571,10.6,0,True
2023-03-13,Sandwich,14,6.734591659972948,0,0,3,13,9.0,8.0,9.142857142857142,10.4,0,True
2023-03-15,Sandwich,20,7.0909098220799835,2,0,3,15,14.0,14.0,10.0,10.833333333333334,0,True
2023-03-18,Sandwich,11,6.493753839851686,5,1,3,18,20.0,7.0,10.857142857142858,11.166666666666666,0,True
2023-03-19,Sandwich,28,7.427144133408616,6,1,3,19,11.0,18.0,11.428571428571429,11.033333333333333,0,True
2023-03-26,Sandwich,1,4.110873864173311,6,1,3,26,28.0,7.0,12.857142857142858,11.533333333333333,0,True
2023-03-27,Sandwich,6,5.8888779583328805,0,0,3,27,1.0,1.0,12.0,11.166666666666666,0,True
2022-04-15,Sugarcane juice,3,4.330733340286331,4,0,4,15,,,,,0,False
2022-04-16,Sugarcane juice,3,4.330733340286331,5,1,4,16,3.0,,3.0,3.0,0,False
2022-04-17,Sugarcane juice,11,5.62040086571715,6,1,4,17,3.0,,3.0,3.0,0,False
2022-04-21,Sugarcane juice,9,5.420534999272286,3,0,4,21,11.0,,5.666666666666667,5.666666666666667,0,False
2022-04-23,Sugarcane juice,13,5.786897381366708,5,1,4,23,9.0,,6.5,6.5,0,False
2022-04-30,Sugarcane juice,13,5.786897381366708,5,1,4,30,13.0,,7.8,7.8,0,False
2022-05-03,Sugarcane juice,9,5.420534999272286,1,0,5,3,13.0,,8.666666666666666,8.666666666666666,0,False
2022-05-04,Sugarcane juice,13,5.786897381366708,2,0,5,4,9.0,3.0,8.714285714285714,8.714285714285714,0,False
2022-05-05,Sugarcane juice,13,5.786897381366708,3,0,5,5,13.0,3.0,10.142857142857142,9.25,0,False
2022-05-06,Sugarcane juice,12,5.707110264748875,4,0,5,6,13.0,11.0,11.571428571428571,9.666666666666666,0,False
2022-05-08,Sugarcane juice,17,6.054439346269371,6,1,5,8,12.0,9.0,11.714285714285714,9.9,0,False
2022-05-09,Sugarcane juice,1,3.258096538021482,0,0,5,9,17.0,13.0,12.857142857142858,10.545454545454545,0,False
2022-05-12,Sugarcane juice,8,5.303304908059076,3,0,5,12,1.0,13.0,11.142857142857142,9.75,0,False
2022-05-13,Sugarcane juice,1,3.258096538021482,4,0,5,13,8.0,9.0,10.428571428571429,9.615384615384615,0,False
2022-05-20,Sugarcane juice,18,6.111467339502679,4,0,5,20,1.0,13.0,9.285714285714286,9.0,0,False
2022-05-25,Sugarcane juice,14,5.860786223465865,2,0,5,25,18.0,13.0,10.0,9.6,0,False
2022-05-26,Sugarcane juice,14,5.860786223465865,3,0,5,26,14.0,12.0,10.142857142857142,9.875,0,False
2022-06-06,Sugarcane juice,6,5.017279836814924,0,0,6,6,14.0,17.0,10.428571428571429,10.117647058823529,0,False
2022-06-07,Sugarcane juice,1,3.258096538021482,1,0,6,7,6.0,1.0,8.857142857142858,9.88888888888889,0,False
2022-06-18,Sugarcane juice,19,6.16541785423142,5,1,6,18,1.0,8.0,8.857142857142858,9.421052631578947,0,False
2022-06-22,Sugarcane juice,15,5.929589143389895,2,0,6,22,19.0,1.0,10.428571428571429,9.9,0,False
2022-06-25,Sugarcane juice,19,6.16541785423142,5,1,6,25,15.0,18.0,12.428571428571429,10.142857142857142,0,False
2022-06-26,Sugarcane juice,1,3.258096538021482,6,1,6,26,19.0,14.0,12.571428571428571,10.545454545454545,0,False
2022-06-28,Sugarcane juice,2,3.9318256327243257,1,0,6,28,1.0,14.0,10.714285714285714,10.130434782608695,0,False
2022-06-30,Sugarcane juice,12,5.707110264748875,3,0,6,30,2.0,6.0,9.0,9.791666666666666,0,False
2022-07-01,Sugarcane juice,7,5.170483995038151,4,0,7,1,12.0,1.0,9.857142857142858,9.88,0,False
2022-07-02,Sugarcane juice,11,5.62040086571715,5,1,7,2,7.0,19.0,10.714285714285714,9.76923076923077,0,False
2022-07-04,Sugarcane juice,1,3.258096538021482,0,0,7,4,11.0,15.0,9.571428571428571,9.814814814814815,1,False
2022-07-10,Sugarcane juice,5,4.836281906951478,6,1,7,10,1.0,19.0,7.571428571428571,9.5,0,False
2022-07-13,Sugarcane juice,12,5.707110264748875,2,0,7,13,5.0,1.0,5.571428571428571,9.344827586206897,0,False
2022-07-14,Sugarcane juice,7,5.170483995038151,3,0,7,14,12.0,2.0,7.142857142857143,9.433333333333334,0,False
2022-07-17,Sugarcane juice,13,5.786897381366708,6,1,7,17,7.0,12.0,7.857142857142857,9.566666666666666,0,False
2022-07-18,Sugarcane juice,27,6.516193076042964,0,0,7,18,13.0,7.0,8.0,9.9,0,False
2022-07-19,Sugarcane juice,23,6.3561076606958915,1,0,7,19,27.0,11.0,10.857142857142858,10.433333333333334,0,False
2022-07-21,Sugarcane juice,4,4.61512051684126,3,0,7,21,23.0,1.0,12.571428571428571,10.9,0,False
2022-07-22,Sugarcane juice,5,4.836281906951478,4,0,7,22,4.0,5.0,13.0,10.6,0,False
2022-07-30,Sugarcane juice,7,5.170483995038151,5,1,7,30,5.0,12.0,13.0,10.333333333333334,0,False
2022-08-03,Sugarcane juice,7,5.170483995038151,2,0,8,3,7.0,7.0,12.285714285714286,10.266666666666667,0,False
2022-08-04,Sugarcane juice,9,5.420534999272286,3,0,8,4,7.0,13.0,12.285714285714286,10.066666666666666,0,False
2022-08-05,Sugarcane juice,5,4.836281906951478,4,0,8,5,9.0,27.0,11.714285714285714,9.933333333333334,0,False
2022-08-09,Sugarcane juice,14,5.860786223465865,1,0,8,9,5.0,23.0,8.571428571428571,9.7,0,False
2022-08-10,Sugarcane juice,21,6.26530121273771,2,0,8,10,14.0,4.0,7.285714285714286,9.6,0,False
2022-08-12,Sugarcane juice,15,5.929589143389895,4,0,8,12,21.0,5.0,9.714285714285714,10.266666666666667,0,False
2022-08-13,Sugarcane juice,7,5.170483995038151,5,1,8,13,15.0,7.0,11.142857142857142,10.5,0,False
2022-08-15,Sugarcane juice,6,5.017279836814924,0,0,8,15,7.0,7.0,11.142857142857142,10.7,0,False
2022-08-18,Sugarcane juice,4,4.61512051684126,3,0,8,18,6.0,9.0,11.0,10.3,0,False
2022-08-22,Sugarcane juice,7,5.170483995038151,0,0,8,22,4.0,5.0,10.285714285714286,9.966666666666667,0,False
2022-08-26,Sugarcane juice,13,5.786897381366708,4,0,8,26,7.0,14.0,10.571428571428571,9.733333333333333,0,False
2022-08-27,Sugarcane juice,6,5.017279836814924,5,1,8,27,13.0,21.0,10.428571428571429,9.966666666666667,0,False
2022-08-28,Sugarcane juice,15,5.929589143389895,6,1,8,28,6.0,15.0,8.285714285714286,10.133333333333333,0,False
2022-09-03,Sugarcane juice,13,5.786897381366708,5,1,9,3,15.0,7.0,8.285714285714286,10.0,0,False
2022-09-05,Sugarcane juice,12,5.707110264748875,0,0,9,5,13.0,6.0,9.142857142857142,9.933333333333334,1,False
2022-09-09,Sugarcane juice,4,4.61512051684126,4,0,9,9,12.0,4.0,10.0,9.7,0,False
2022-09-10,Sugarcane juice,2,3.9318256327243257,5,1,9,10,4.0,7.0,10.0,9.8,0,False
2022-09-11,Sugarcane juice,3,4.330733340286331,6,1,9,11,2.0,13.0,9.285714285714286,9.8,0,False
2022-09-12,Sugarcane juice,23,6.3561076606958915,0,0,9,12,3.0,6.0,7.857142857142857,9.5,0,False
2022-09-15,Sugarcane juice,4,4.61512051684126,3,0,9,15,23.0,15.0,10.285714285714286,10.033333333333333,0,False
2022-09-22,Sugarcane juice,12,5.707110264748875,3,0,9,22,4.0,13.0,8.714285714285714,9.8,0,False
2022-09-27,Sugarcane juice,7,5.170483995038151,1,0,9,27,12.0,12.0,8.571428571428571,10.166666666666666,0,False
2022-09-30,Sugarcane juice,6,5.017279836814924,4,0,9,30,7.0,4.0,7.857142857142857,10.233333333333333,0,False
2022-10-02,Sugarcane juice,13,5.786897381366708,6,1,10,2,6.0,2.0,8.142857142857142,10.033333333333333,0,False
2022-10-03,Sugarcane juice,7,5.170483995038151,0,0,10,3,13.0,3.0,9.714285714285714,10.233333333333333,0,False
2022-10-04,Sugarcane juice,12,5.707110264748875,1,0,10,4,7.0,23.0,10.285714285714286,10.033333333333333,0,False
2022-10-08,Sugarcane juice,14,5.860786223465865,5,1,10,8,12.0,4.0,8.714285714285714,9.533333333333333,0,False
2022-10-11,Sugarcane juice,23,6.3561076606958915,1,0,10,11,14.0,12.0,10.142857142857142,9.233333333333333,0,False
2022-10-14,Sugarcane juice,13,5.786897381366708,4,0,10,14,23.0,7.0,11.714285714285714,9.866666666666667,0,False
2022-10-16,Sugarcane juice,4,4.61512051684126,6,1,10,16,13.0,6.0,12.571428571428571,10.133333333333333,0,False
2022-10-17,Sugarcane juice,3,4.330733340286331,0,0,10,17,4.0,13.0,12.285714285714286,10.033333333333333,0,False
2022-10-18,Sugarcane juice,13,5.786897381366708,1,0,10,18,3.0,7.0,10.857142857142858,9.9,0,False
2022-10-20,Sugarcane juice,2,3.9318256327243257,3,0,10,20,13.0,12.0,11.714285714285714,10.033333333333333,0,False
2022-10-21,Sugarcane juice,10,5.5254529391317835,4,0,10,21,2.0,14.0,10.285714285714286,9.933333333333334,0,False
2022-10-22,Sugarcane juice,1,3.258096538021482,5,1,10,22,10.0,23.0,9.714285714285714,9.8,0,False
2022-10-26,Sugarcane juice,3,4.330733340286331,2,0,10,26,1.0,13.0,6.571428571428571,9.133333333333333,0,False
2022-10-27,Sugarcane juice,14,5.860786223465865,3,0,10,27,3.0,4.0,5.142857142857143,8.733333333333333,0,False
2022-10-29,Sugarcane juice,4,4.61512051684126,5,1,10,29,14.0,3.0,6.571428571428571,8.966666666666667,0,False
2022-10-30,Sugarcane juice,11,5.62040086571715,6,1,10,30,4.0,13.0,6.714285714285714,8.9,0,False
2022-11-08,Sugarcane juice,14,5.860786223465865,1,0,11,8,11.0,2.0,6.428571428571429,9.133333333333333,0,False
2022-11-14,Sugarcane juice,1,3.258096538021482,0,0,11,14,14.0,10.0,8.142857142857142,9.366666666666667,0,False
2022-11-15,Sugarcane juice,6,5.017279836814924,1,0,11,15,1.0,1.0,6.857142857142857,8.966666666666667,0,False
2022-11-27,Sugarcane juice,23,6.3561076606958915,6,1,11,27,6.0,3.0,7.571428571428571,8.966666666666667,0,False
2022-11-28,Sugarcane juice,1,3.258096538021482,0,0,11,28,23.0,14.0,10.428571428571429,9.233333333333333,0,False
2022-11-29,Sugarcane juice,13,5.786897381366708,1,0,11,29,1.0,4.0,8.571428571428571,8.833333333333334,0,False
2022-11-30,Sugarcane juice,10,5.5254529391317835,2,0,11,30,13.0,11.0,9.857142857142858,8.866666666666667,0,False
2022-12-02,Sugarcane juice,14,5.860786223465865,4,0,12,2,10.0,14.0,9.714285714285714,9.066666666666666,0,False
2022-12-03,Sugarcane juice,14,5.860786223465865,5,1,12,3,14.0,1.0,9.714285714285714,9.466666666666667,0,False
2022-12-04,Sugarcane juice,7,5.170483995038151,6,1,12,4,14.0,6.0,11.571428571428571,9.833333333333334,0,False
2022-12-07,Sugarcane juice,9,5.420534999272286,2,0,12,7,7.0,23.0,11.714285714285714,9.3,0,False
2022-12-10,Sugarcane juice,8,5.303304908059076,5,1,12,10,9.0,1.0,9.714285714285714,9.466666666666667,0,False
2022-12-13,Sugarcane juice,10,5.5254529391317835,1,0,12,13,8.0,13.0,10.714285714285714,9.333333333333334,0,False
2022-12-14,Sugarcane juice,14,5.860786223465865,2,0,12,14,10.0,10.0,10.285714285714286,9.433333333333334,0,False
2022-12-24,Sugarcane juice,8,5.303304908059076,5,1,12,24,14.0,14.0,10.857142857142858,9.7,0,False
2022-12-25,Sugarcane juice,24,6.398594934535208,6,1,12,25,8.0,14.0,10.0,9.533333333333333,1,False
2022-12-27,Sugarcane juice,9,5.420534999272286,1,0,12,27,24.0,7.0,11.428571428571429,10.1,0,False
2022-12-28,Sugarcane juice,7,5.170483995038151,2,0,12,28,9.0,9.0,11.714285714285714,10.0,0,False
2022-12-29,Sugarcane juice,14,5.860786223465865,3,0,12,29,7.0,8.0,11.428571428571429,9.766666666666667,0,False
2022-12-30,Sugarcane juice,14,5.860786223465865,4,0,12,30,14.0,10.0,12.285714285714286,9.466666666666667,0,False
2023-01-02,Sugarcane juice,17,6.054439346269371,0,0,1,2,14.0,14.0,12.857142857142858,9.5,1,False
2023-01-03,Sugarcane juice,11,5.62040086571715,1,0,1,3,17.0,8.0,13.285714285714286,9.933333333333334,0,False
2023-01-04,Sugarcane juice,10,5.5254529391317835,2,0,1,4,11.0,24.0,13.714285714285714,10.2,0,False
2023-01-06,Sugarcane juice,6,5.017279836814924,4,0,1,6,10.0,9.0,11.714285714285714,10.1,0,False
2023-01-11,Sugarcane juice,11,5.62040086571715,2,0,1,11,6.0,7.0,11.285714285714286,10.233333333333333,0,False
2023-01-13,Sugarcane juice,15,5.929589143389895,4,0,1,13,11.0,14.0,11.857142857142858,10.266666666666667,0,False
2023-01-15,Sugarcane juice,12,5.707110264748875,6,1,1,15,15.0,14.0,12.0,10.733333333333333,0,False
2023-01-18,Sugarcane juice,5,4.836281906951478,2,0,1,18,12.0,17.0,11.714285714285714,11.033333333333333,0,False
2023-01-19,Sugarcane juice,12,5.707110264748875,3,0,1,19,5.0,11.0,10.0,10.733333333333333,0,False
2023-01-20,Sugarcane juice,9,5.420534999272286,4,0,1,20,12.0,10.0,10.142857142857142,11.0,0,False
2023-01-21,Sugarcane juice,15,5.929589143389895,5,1,1,21,9.0,6.0,10.0,10.933333333333334,0,False
2023-01-23,Sugarcane juice,6,5.017279836814924,0,0,1,23,15.0,11.0,11.285714285714286,10.966666666666667,0,False
2023-01-24,Sugarcane juice,8,5.303304908059076,1,0,1,24,6.0,15.0,10.571428571428571,11.133333333333333,0,False
2023-01-27,Sugarcane juice,7,5.170483995038151,4,0,1,27,8.0,12.0,9.571428571428571,11.2,0,False
2023-02-03,Sugarcane juice,6,5.017279836814924,4,0,2,3,7.0,5.0,8.857142857142858,10.666666666666666,0,False
2023-02-04,Sugarcane juice,12,5.707110264748875,5,1,2,4,6.0,12.0,9.0,10.833333333333334,0,False
2023-02-05,Sugarcane juice,1,3.258096538021482,6,1,2,5,12.0,9.0,9.0,10.8,0,False
2023-02-07,Sugarcane juice,24,6.398594934535208,1,0,2,7,1.0,15.0,7.857142857142857,10.5,0,False
2023-02-10,Sugarcane juice,9,5.420534999272286,4,0,2,10,24.0,6.0,9.142857142857142,10.833333333333334,0,False
2023-02-11,Sugarcane juice,10,5.5254529391317835,5,1,2,11,9.0,8.0,9.571428571428571,10.666666666666666,0,False
2023-02-16,Sugarcane juice,10,5.5254529391317835,3,0,2,16,10.0,7.0,9.857142857142858,10.766666666666667,0,False
2023-02-23,Sugarcane juice,3,4.330733340286331,3,0,2,23,10.0,6.0,10.285714285714286,10.8,0,False
2023-03-01,Sugarcane juice,7,5.170483995038151,2,0,3,1,3.0,12.0,9.857142857142858,10.633333333333333,0,False
2023-03-03,Sugarcane juice,10,5.5254529391317835,4,0,3,3,7.0,1.0,9.142857142857142,10.533333333333333,0,False
2023-03-09,Sugarcane juice,14,5.860786223465865,3,0,3,9,10.0,24.0,10.428571428571429,10.4,0,False
2023-03-15,Sugarcane juice,10,5.5254529391317835,2,0,3,15,14.0,9.0,9.0,10.6,0,False
2023-03-16,Sugarcane juice,12,5.707110264748875,3,0,3,16,10.0,10.0,9.142857142857142,10.133333333333333,0,False
2023-03-17,Sugarcane juice,14,5.860786223465865,4,0,3,17,12.0,10.0,9.428571428571429,10.233333333333333,0,False
2023-03-18,Sugarcane juice,7,5.170483995038151,5,1,3,18,14.0,3.0,10.0,10.466666666666667,0,False
2023-03-19,Sugarcane juice,6,5.017279836814924,6,1,3,19,7.0,7.0,10.571428571428571,10.233333333333333,0,False
2023-03-23,Sugarcane juice,14,5.860786223465865,3,0,3,23,6.0,10.0,10.428571428571429,9.966666666666667,0,False
2023-03-30,Sugarcane juice,14,5.860786223465865,3,0,3,30,14.0,14.0,11.0,9.866666666666667,0,False
2022-04-07,Vadapav,3,4.110873864173311,3,0,4,7,,,,,0,True
2022-04-08,Vadapav,4,4.394449154672439,4,0,4,8,3.0,,3.0,3.0,0,True
2022-04-09,Vadapav,12,5.484796933490655,5,1,4,9,4.0,,3.5,3.5,0,True
2022-04-10,Vadapav,7,4.948759890378168,6,1,4,10,12.0,,6.333333333333333,6.333333333333333,0,True
2022-04-11,Vadapav,6,4.795790545596741,0,0,4,11,7.0,,6.5,6.5,0,True
2022-04-12,Vadapav,10,5.303304908059076,1,0,4,12,6.0,,6.4,6.4,0,True
2022-04-23,Vadapav,13,5.564520407322694,5,1,4,23,10.0,,7.0,7.0,0,True
2022-04-24,Vadapav,5,4.61512051684126,6,1,4,24,13.0,3.0,7.857142857142857,7.857142857142857,0,True
2022-04-25,Vadapav,9,5.198497031265826,0,0,4,25,5.0,4.0,8.142857142857142,7.5,0,True
2022-04-26,Vadapav,13,5.564520407322694,1,0,4,26,9.0,12.0,8.857142857142858,7.666666666666667,0,True
2022-04-30,Vadapav,7,4.948759890378168,5,1,4,30,13.0,7.0,9.0,8.2,0,True
2022-05-03,Vadapav,13,5.564520407322694,1,0,5,3,7.0,6.0,9.0,8.090909090909092,0,True
2022-05-04,Vadapav,3,4.110873864173311,2,0,5,4,13.0,10.0,10.0,8.5,0,True
2022-05-07,Vadapav,7,4.948759890378168,5,1,5,7,3.0,13.0,9.0,8.076923076923077,0,True
2022-05-09,Vadapav,15,5.707110264748875,0,0,5,9,7.0,5.0,8.142857142857142,8.0,0,True
2022-05-14,Vadapav,2,3.713572066704308,5,1,5,14,15.0,9.0,9.571428571428571,8.466666666666667,0,True
2022-05-15,Vadapav,15,5.707110264748875,6,1,5,15,2.0,13.0,8.571428571428571,8.0625,0,True
2022-05-16,Vadapav,15,5.707110264748875,0,0,5,16,15.0,7.0,8.857142857142858,8.470588235294118,0,True
2022-05-18,Vadapav,4,4.394449154672439,2,0,5,18,15.0,13.0,10.0,8.833333333333334,0,True
2022-05-22,Vadapav,8,5.081404364984463,6,1,5,22,4.0,3.0,8.714285714285714,8.578947368421053,0,True
2022-05-23,Vadapav,3,4.110873864173311,0,0,5,23,8.0,7.0,9.428571428571429,8.55,0,True
2022-05-26,Vadapav,1,3.044522437723423,3,0,5,26,3.0,15.0,8.857142857142858,8.285714285714286,0,True
2022-05-27,Vadapav,13,5.564520407322694,4,0,5,27,1.0,2.0,6.857142857142857,7.954545454545454,0,True
2022-05-28,Vadapav,15,5.707110264748875,5,1,5,28,13.0,15.0,8.428571428571429,8.173913043478262,0,True
2022-05-31,Vadapav,2,3.713572066704308,1,0,5,31,15.0,15.0,8.428571428571429,8.458333333333334,0,True
2022-06-05,Vadapav,3,4.110873864173311,6,1,6,5,2.0,4.0,6.571428571428571,8.2,0,True
2022-06-08,Vadapav,14,5.638354669333745,2,0,6,8,3.0,8.0,6.428571428571429,8.0,0,True
2022-06-10,Vadapav,5,4.61512051684126,4,0,6,10,14.0,3.0,7.285714285714286,8.222222222222221,0,True
2022-06-16,Vadapav,3,4.110873864173311,3,0,6,16,5.0,1.0,7.571428571428571,8.107142857142858,0,True
2022-06-20,Vadapav,15,5.707110264748875,0,0,6,20,3.0,13.0,7.857142857142857,7.931034482758621,1,True
2022-06-26,Vadapav,12,5.484796933490655,6,1,6,26,15.0,15.0,8.142857142857142,8.166666666666666,0,True
2022-06-30,Vadapav,6,4.795790545596741,3,0,6,30,12.0,2.0,7.714285714285714,8.466666666666667,0,True
2022-07-01,Vadapav,5,4.61512051684126,4,0,7,1,6.0,3.0,8.285714285714286,8.533333333333333,0,True
2022-07-04,Vadapav,20,5.993961427306569,0,0,7,4,5.0,14.0,8.571428571428571,8.3,1,True
2022-07-09,Vadapav,8,5.081404364984463,5,1,7,9,20.0,5.0,9.428571428571429,8.733333333333333,0,True
2022-07-12,Vadapav,8,5.081404364984463,1,0,7,12,8.0,3.0,9.857142857142858,8.8,0,True
2022-07-15,Vadapav,6,4.795790545596741,4,0,7,15,8.0,15.0,10.571428571428571,8.733333333333333,0,True
2022-07-23,Vadapav,10,5.303304908059076,5,1,7,23,6.0,12.0,9.285714285714286,8.5,0,True
2022-07-27,Vadapav,6,4.795790545596741,2,0,7,27,10.0,6.0,9.0,8.666666666666666,0,True
2022-08-03,Vadapav,1,3.044522437723423,2,0,8,3,6.0,5.0,9.0,8.566666666666666,0,True
2022-08-05,Vadapav,15,5.707110264748875,4,0,8,5,1.0,20.0,8.428571428571429,8.166666666666666,0,True
2022-08-07,Vadapav,11,5.3981627015177525,6,1,8,7,15.0,8.0,7.714285714285714,8.433333333333334,0,True
2022-08-13,Vadapav,6,4.795790545596741,5,1,8,13,11.0,8.0,8.142857142857142,8.366666666666667,0,True
2022-08-15,Vadapav,6,4.795790545596741,0,0,8,15,6.0,6.0,7.857142857142857,8.466666666666667,0,True
2022-08-17,Vadapav,9,5.198497031265826,2,0,8,17,6.0,10.0,7.857142857142857,8.433333333333334,0,True
2022-08-20,Vadapav,3,4.110873864173311,5,1,8,20,9.0,6.0,7.714285714285714,8.233333333333333,0,True
2022-08-23,Vadapav,15,5.707110264748875,1,0,8,23,3.0,1.0,7.285714285714286,8.266666666666667,0,True
2022-08-27,Vadapav,5,4.61512051684126,5,1,8,27,15.0,15.0,9.285714285714286,8.266666666666667,0,True
2022-08-30,Vadapav,14,5.638354669333745,1,0,8,30,5.0,11.0,7.857142857142857,7.933333333333334,0,True
2022-08-31,Vadapav,23,6.133398042996649,2,0,8,31,14.0,6.0,8.285714285714286,8.266666666666667,0,True
2022-09-05,Vadapav,8,5.081404364984463,0,0,9,5,23.0,6.0,10.714285714285714,8.766666666666667,1,True
2022-09-06,Vadapav,14,5.638354669333745,1,0,9,6,8.0,9.0,11.0,8.933333333333334,0,True
2022-09-14,Vadapav,30,6.398594934535208,2,0,9,14,14.0,3.0,11.714285714285714,9.366666666666667,0,True
2022-09-16,Vadapav,2,3.713572066704308,4,0,9,16,30.0,15.0,15.571428571428571,9.933333333333334,0,True
2022-09-18,Vadapav,5,4.61512051684126,6,1,9,18,2.0,5.0,13.714285714285714,9.5,0,True
2022-09-19,Vadapav,1,3.044522437723423,0,0,9,19,5.0,14.0,13.714285714285714,9.6,0,True
2022-09-21,Vadapav,14,5.638354669333745,2,0,9,21,1.0,23.0,11.857142857142858,9.533333333333333,0,True
2022-09-25,Vadapav,3,4.110873864173311,6,1,9,25,14.0,8.0,10.571428571428571,9.533333333333333,0,True
2022-09-28,Vadapav,3,4.110873864173311,2,0,9,28,3.0,14.0,9.857142857142858,9.466666666666667,0,True
2022-09-29,Vadapav,11,5.3981627015177525,3,0,9,29,3.0,30.0,8.285714285714286,9.466666666666667,0,True
2022-10-01,Vadapav,4,4.394449154672439,5,1,10,1,11.0,2.0,5.571428571428571,9.333333333333334,0,True
2022-10-02,Vadapav,12,5.484796933490655,6,1,10,2,4.0,5.0,5.857142857142857,9.066666666666666,0,True
2022-10-03,Vadapav,2,3.713572066704308,0,0,10,3,12.0,1.0,6.857142857142857,9.266666666666667,0,True
2022-10-05,Vadapav,32,6.46302945692067,2,0,10,5,2.0,14.0,7.0,9.166666666666666,0,True
2022-10-12,Vadapav,10,5.303304908059076,2,0,10,12,32.0,3.0,9.571428571428571,9.566666666666666,0,True
2022-10-17,Vadapav,4,4.394449154672439,0,0,10,17,10.0,3.0,10.571428571428571,9.633333333333333,0,True
2022-10-18,Vadapav,5,4.61512051684126,1,0,10,18,4.0,11.0,10.714285714285714,9.5,0,True
2022-10-23,Vadapav,5,4.61512051684126,6,1,10,23,5.0,4.0,9.857142857142858,9.466666666666667,0,True
2022-10-26,Vadapav,13,5.564520407322694,2,0,10,26,5.0,12.0,10.0,9.3,0,True
2022-10-29,Vadapav,15,5.707110264748875,5,1,10,29,13.0,2.0,10.142857142857142,9.533333333333333,0,True
2022-11-02,Vadapav,8,5.081404364984463,2,0,11,2,15.0,32.0,12.0,10.0,0,True
2022-11-14,Vadapav,10,5.303304908059076,0,0,11,14,8.0,10.0,8.571428571428571,9.766666666666667,0,True
2022-11-16,Vadapav,10,5.303304908059076,2,0,11,16,10.0,4.0,8.571428571428571,9.733333333333333,0,True
2022-11-20,Vadapav,1,3.044522437723423,6,1,11,20,10.0,5.0,9.428571428571429,9.866666666666667,0,True
2022-11-24,Vadapav,10,5.303304908059076,3,0,11,24,1.0,5.0,8.857142857142858,9.7,1,True
2022-11-28,Vadapav,8,5.081404364984463,0,0,11,28,10.0,13.0,9.571428571428571,9.733333333333333,0,True
2022-12-01,Vadapav,6,4.795790545596741,3,0,12,1,8.0,15.0,8.857142857142858,9.9,0,True
2022-12-05,Vadapav,12,5.484796933490655,0,0,12,5,6.0,8.0,7.571428571428571,9.6,0,True
2022-12-07,Vadapav,14,5.638354669333745,2,0,12,7,12.0,10.0,8.142857142857142,9.833333333333334,0,True
2022-12-13,Vadapav,3,4.110873864173311,1,0,12,13,14.0,10.0,8.714285714285714,9.833333333333334,0,True
2022-12-14,Vadapav,6,4.795790545596741,2,0,12,14,3.0,1.0,7.714285714285714,9.166666666666666,0,True
2022-12-15,Vadapav,13,5.564520407322694,3,0,12,15,6.0,10.0,8.428571428571429,9.1,0,True
2022-12-17,Vadapav,3,4.110873864173311,5,1,12,17,13.0,8.0,8.857142857142858,9.066666666666666,0,True
2022-12-18,Vadapav,10,5.303304908059076,6,1,12,18,3.0,6.0,8.142857142857142,8.166666666666666,0,True
2022-12-19,Vadapav,2,3.713572066704308,0,0,12,19,10.0,12.0,8.714285714285714,8.433333333333334,0,True
2022-12-24,Vadapav,9,5.198497031265826,5,1,12,24,2.0,14.0,7.285714285714286,8.333333333333334,0,True
2022-12-25,Vadapav,14,5.638354669333745,6,1,12,25,9.0,3.0,6.571428571428571,8.6,1,True
2022-12-27,Vadapav,3,4.110873864173311,1,0,12,27,14.0,6.0,8.142857142857142,8.6,0,True
2023-01-03,Vadapav,8,5.081404364984463,1,0,1,3,3.0,13.0,7.714285714285714,8.6,0,True
2023-01-04,Vadapav,3,4.110873864173311,2,0,1,4,8.0,3.0,7.0,8.766666666666667,0,True
2023-01-10,Vadapav,16,5.771441123130016,1,0,1,10,3.0,10.0,7.0,8.5,0,True
2023-01-18,Vadapav,2,3.713572066704308,2,0,1,18,16.0,2.0,7.857142857142857,8.9,0,True
2023-01-26,Vadapav,14,5.638354669333745,3,0,1,26,2.0,9.0,7.857142857142857,8.566666666666666,0,True
2023-01-28,Vadapav,13,5.564520407322694,5,1,1,28,14.0,14.0,8.571428571428571,8.966666666666667,0,True
2023-02-03,Vadapav,15,5.707110264748875,4,0,2,3,13.0,3.0,8.428571428571429,8.333333333333334,0,True
2023-02-04,Vadapav,15,5.707110264748875,5,1,2,4,15.0,8.0,10.142857142857142,8.5,0,True
2023-02-06,Vadapav,15,5.707110264748875,0,0,2,6,15.0,3.0,11.142857142857142,8.866666666666667,0,True
2023-02-08,Vadapav,12,5.484796933490655,2,0,2,8,15.0,16.0,12.857142857142858,9.2,0,True
2023-02-09,Vadapav,15,5.707110264748875,3,0,2,9,12.0,2.0,12.285714285714286,9.433333333333334,0,True
2023-02-13,Vadapav,8,5.081404364984463,0,0,2,13,15.0,14.0,14.142857142857142,9.5,0,True
2023-02-14,Vadapav,6,4.795790545596741,1,0,2,14,8.0,13.0,13.285714285714286,9.266666666666667,0,True
2023-02-19,Vadapav,15,5.707110264748875,6,1,2,19,6.0,15.0,12.285714285714286,9.2,0,True
2023-02-25,Vadapav,2,3.713572066704308,5,1,2,25,15.0,15.0,12.285714285714286,9.366666666666667,0,True
2023-02-26,Vadapav,1,3.044522437723423,6,1,2,26,2.0,15.0,10.428571428571429,9.1,0,True
2023-02-27,Vadapav,9,5.198497031265826,0,0,2,27,1.0,12.0,8.428571428571429,9.1,0,True
2023-03-01,Vadapav,12,5.484796933490655,2,0,3,1,9.0,15.0,8.0,9.066666666666666,0,True
2023-03-02,Vadapav,11,5.3981627015177525,3,0,3,2,12.0,8.0,7.571428571428571,9.2,0,True
2023-03-04,Vadapav,9,5.198497031265826,5,1,3,4,11.0,6.0,8.0,9.366666666666667,0,True
2023-03-05,Vadapav,17,5.831882477283517,6,1,3,5,9.0,15.0,8.428571428571429,9.266666666666667,0,True
2023-03-11,Vadapav,7,4.948759890378168,5,1,3,11,17.0,2.0,8.714285714285714,9.366666666666667,0,True
2023-03-15,Vadapav,1,3.044522437723423,2,0,3,15,7.0,1.0,9.428571428571429,9.5,0,True
2023-03-26,Vadapav,11,5.3981627015177525,6,1,3,26,1.0,9.0,9.428571428571429,9.333333333333334,0,True
